event_date	event_type	name	isin	rating	coupon_pct	price_pct	price_source	current_face	nkd_rub	dirty_rub	days_to_event	simple_yield_pct	effective_xirr_pct	moex_yield_pct	maturity	put_date	put_price_pct	amortization_count	estimated_coupon_count	call_dates_ignored	unknown_offer_dates_ignored	num_trades	value_today
2027-01-08	MATURITY	СФО Социального развия 02	RU000A101UW4	NR	16.31	100.28	OFFER	101.49	3.22	104.9942	113	8.3551	15.4391	19.44	2027-01-08			2	0	[]	[]	1	405
2027-01-11	MATURITY	Банк ВТБ (ПАО) Б-1-255	RU000A103XT0	NR	0.01	103.0	OFFER	1000.0	0.02	1030.02	116	-9.1523	-8.8698	-9.4	2027-01-11			1	0	[]	["2027-01-11"]	0	0
2027-01-12	MATURITY	СберИОС 001Р-503R 5Г ТЕХ	RU000A1047L8	NR	0.01	98.0	OFFER	1000.0	0	980.0	117	6.5258	6.6716	0.0	2027-01-12			1	0	[]	[]	0	0
2027-01-13	PUT	Альфа-Банк АО обл. БО-18	RU000A0JX5W4	AA+	14.85	100.15	OFFER	1000.0	26.85	1028.35	118	13.7463	14.414	15.52	2032-01-05	2027-01-13	100.0	0	0	[]	[]	57	378909
2027-01-13	MATURITY	Банк ВТБ (ПАО) Б-1-247	RU000A103U28	NR	0.01	103.79	OFFER	1000.0	0.02	1037.92	118	-11.2861	-10.8608	22.79	2027-01-13			1	0	[]	[]	0	0
2027-01-13	PUT	ГосТранспортЛизингКомп 001P-07	RU000A0ZYNY4	AA-	11.7	98.38	OFFER	1000.0	22.12	1005.92	118	16.1192	17.4693	18.71	2032-12-31	2027-01-13	100.0	0	0	[]	[]	31	1480438
2027-01-15	MATURITY	СберИОС 001Р-506R 5Г GAZP	RU000A104AF5	AAA	0.01	97.85	OFFER	1000.0	0	978.5	120	6.7144	6.8668	0.0	2027-01-15			1	0	[]	[]	6	285141
2027-01-19	MATURITY	Аквилон-Лизинг БО-03-001P	RU000A107M32	NR	17.7	100.35	OFFER	200.0	5.63	206.33	124	11.1276	17.0965	18.81	2027-01-19			2	0	[]	[]	13	25426
2027-01-19	MATURITY	ПАО Абрау – Дюрсо 002P-01	RU000A10C6W2	A+	15.5	101.02	OFFER	1000.0	11.04	1021.24	124	12.2384	13.1496	14.03	2027-01-19			1	0	[]	[]	127	2162904
2027-01-19	PUT	Транспортная ЛК 001P-04	RU000A10CZ35	BB-	24.0	99.11	OFFER	1000.0	13.15	1004.25	124	21.8865	24.6448	30.56	2028-09-16	2027-01-19	100.0	0	0	[]	[]	18	56516
2027-01-20	MATURITY	БИЗНЕС АЛЬЯНС 001P-04	RU000A107QM0	BBB-	16.0	97.56	OFFER	1000.0	10.96	986.56	125	23.4385	26.1791	26.8	2027-01-20			1	0	[]	[]	80	724449
2027-01-21	MATURITY	РОЛЬФ БО 001Р-07	RU000A10ASE2	BBB+	26.0	102.92	OFFER	1000.0	17.1	1046.3	126	16.7641	18.6475	18.65	2027-01-21			1	0	[]	[]	211	5555164
2027-01-21	MATURITY	СберИОС 001Р-507R 5Г СШАМ ИНД	RU000A1049R1	NR	0.01	83.0	PREV/LAST FALLBACK	1000.0	0	830.0	126	59.5071	71.8088	0.0	2027-01-21			1	0	[]	[]	0	0
2027-01-21	MATURITY	Фордевинд 03	RU000A106Q47	BB+	16.0	99.59	OFFER	834.0	8.77	839.3506	126	9.546	19.9449	21.1	2027-01-21			5	0	[]	[]	22	412086
2027-01-22	MATURITY	СберИОС 001Р-510R 5Г IMOEX	RU000A104AH1	NR	0.01	101.48	OFFER	1000.0	0	1014.8	127	-4.1632	-4.1069	0.0	2027-01-22			1	0	[]	[]	0	0
2027-01-22	MATURITY	СберИОС 001Р-512R 5Г SBER	RU000A104CZ9	NR	0.01	111.95	PREV/LAST FALLBACK	1000.0	0	1119.5	127	-30.6527	-27.6849	0.0	2027-01-22			1	0	[]	[]	0	0
2027-01-22	MATURITY	СберИОС 001Р-514R 5Г NDX	RU000A104ES0	AAA	0.01	202.9	PREV/LAST FALLBACK	1000.0	0	2029.0	127	-145.7405	-86.9084	0.0	2027-01-22			1	0	[]	[]	0	0
2027-01-24	MATURITY	ГК Самолет БО-П13	RU000A107RZ0	A-	21.0	92.96	OFFER	1000.0	12.08	941.68	129	43.4538	52.2825	52.28	2027-01-24			1	0	[]	[]	3931	131802638
2027-01-24	MATURITY	Сибирское Стекло БО-01	RU000A10ASF9	BB-	29.0	101.1	OFFER	800.0	13.35	822.15	129	22.7245	28.5579	28.64	2027-01-24			2	0	[]	[]	58	457878
2027-01-25	PUT	Кокс ПАО 001P-04	RU000A10C741	BBB+	21.0	98.44	OFFER	1000.0	14.38	998.78	130	24.6029	27.8775	28.87	2028-07-13	2027-01-25	100.0	0	0	[]	[]	221	8654599
2027-01-25	PUT	СУЭК-Финанс 001Р-05R	RU000A101CQ4	A-	19.9	101.2	OFFER	1000.0	31.08	1043.08	130	15.1141	15.9196	16.73	2030-01-16	2027-01-25	100.0	0	0	[]	[]	764	2019310
2027-01-26	PUT	АФК "Система" ПАО БО-001P-07	RU000A0ZYQY7	A+	17.5	99.65	OFFER	1000.0	26.37	1022.87	131	17.5396	18.5915	19.18	2028-01-21	2027-01-26	100.0	0	0	[]	["2027-07-28"]	123	1455334
2027-01-26	MATURITY	Банк ВТБ (ПАО) Б-1-258	RU000A103XW4	NR	0.01	101.79	OFFER	1000.0	0	1017.9	131	-4.886	-4.8098	0.0	2027-01-26			1	0	[]	["2027-01-26"]	0	0
2027-01-26	MATURITY	ММЦБ ПАО БО-П01-02	RU000A105054	BBB-	14.0	98.63	OFFER	1000.0	19.56	1005.86	131	17.7143	18.7369	18.8	2027-01-26			1	0	[]	[]	52	600432
2027-01-26	MATURITY	СберИОС 001Р-504R 5Г ТЕХ	RU000A104A96	NR	0.01	94.8	PREV/LAST FALLBACK	1000.0	0	948.0	131	15.4302	16.2045	0.0	2027-01-26			1	0	[]	[]	0	0
2027-01-27	MATURITY	Банк ВТБ (ПАО) Б-1-248	RU000A103U36	NR	0.01	100.0	OFFER	1000.0	0.01	1000.01	132	0.0111	0.0111	1.83	2027-01-27			1	0	[]	[]	0	0
2027-01-27	MATURITY	ГЛОРАКС 001P-03	RU000A10ATR2	BBB+	28.0	104.0	OFFER	1000.0	13.81	1053.81	132	16.0691	17.8256	17.86	2027-01-27			1	0	[]	[]	270	2798770
2027-01-30	MATURITY	ГПБ (АО) БО 004Р-02	RU000A107GG3	NR	0.01	94.65	LAST	1000.0	0.06	946.56	135	15.2929	16.0395	16.04	2027-01-30			1	0	[]	[]	1	1893
2027-01-31	MATURITY	ГПБ (АО) БО 004Р-15	RU000A10AG30	NR	0.01	97.9	OFFER	1000.0	0.06	979.06	136	5.7675	5.8724	5.84	2027-01-31			1	0	[]	[]	0	0
2027-02-01	MATURITY	АЛЬФА-БАНК 002P-31	RU000A10E7Q0	AA+	14.93	100.74	OFFER	1000.0	5.32	1012.72	137	12.7934	13.6842	13.81	2027-02-01			1	0	[]	[]	44	1385607
2027-02-03	PUT	ГТЛК БО 001P-13	RU000A1003A4	AA-	9.57	97.62	OFFER	1000.0	12.59	988.79	139	15.6499	16.7214	17.11	2034-01-20	2027-02-03	100.0	0	0	[]	[]	15	93496
2027-02-03	MATURITY	ОФЗ-ПД 26207 03/02/27	RU000A0JS3W6	NR	8.15	98.35	OFFER	1000.0	9.6	993.1	139	12.5703	13.0643	13.06	2027-02-03			1	0	[]	[]	1348	489177758
2027-02-03	MATURITY	СберИОС 001Р-509R 5Г DEF ИЭЦ	RU000A104CY2	NR	0.01	170.2	PREV/LAST FALLBACK	1000.0	0	1702.0	139	-108.2296	-75.2204	0.0	2027-02-03			1	0	[]	[]	0	0
2027-02-04	MATURITY	СберИОС 001Р-511R 5Г ТЕХ	RU000A104CR6	NR	0.01	89.56	PREV/LAST FALLBACK	1000.0	0	895.6	140	30.537	33.4785	0.0	2027-02-04			1	0	[]	[]	0	0
2027-02-05	MATURITY	ГПБ (АО) БО 0004P-37	RU000A10E3Z0	AA+	0.01	101.09	LAST	1000.0	0.06	1010.96	141	-2.7808	-2.7571	-2.76	2027-02-05			1	0	[]	[]	1	707630
2027-02-08	MATURITY	Фордевинд 04	RU000A106SE5	BB+	17.0	99.69	OFFER	834.0	2.33	833.7446	144	10.7365	20.0071	20.75	2027-02-08			5	0	[]	[]	34	322242
2027-02-09	MATURITY	Банк ВТБ (ПАО) Б-1-296	RU000A104DG7	NR	0.01	97.39	PREV/LAST FALLBACK	1000.0	0	973.9	145	6.759	6.8973	0.0	2027-02-09			1	0	[]	["2027-02-09"]	0	0
2027-02-09	PUT	О'КЕЙ ООО БО 001Р-08	RU000A10CCN3	A-	16.9	100.11	OFFER	1000.0	4.63	1005.73	145	15.9485	17.2768	17.94	2028-07-28	2027-02-09	100.0	0	0	[]	[]	103	985650
2027-02-09	PUT	ПАО НК Роснефть 002P-04	RU000A0ZYT40	AAA	8.0	97.63	OFFER	1000.0	9.21	985.51	145	13.89	14.4975	15.33	2028-02-03	2027-02-09	100.0	0	0	[]	[]	57	541221
2027-02-10	PUT	"Сэтл-Групп" ООО БО 002P-06	RU000A10C2L4	A-	19.5	101.4	OFFER	1000.0	4.81	1018.81	146	15.0519	16.3288	17.07	2029-06-24	2027-02-10	100.0	0	0	[]	[]	505	2819800
2027-02-10	MATURITY	Банк ВТБ (ПАО) Б-1-249	RU000A103U44	NR	0.01	220.25	OFFER	1000.0	0.01	2202.51	146	-136.4875	-86.1082	-84.02	2027-02-10			1	0	[]	[]	0	0
2027-02-10	MATURITY	Ростелеком ПАО 002P-02R	RU000A101FG8	AAA	6.65	97.75	OFFER	1000.0	6.56	984.06	146	12.4738	12.9445	12.94	2027-02-10			1	0	[]	[]	72	1750666
2027-02-11	MATURITY	Мобильные ТелеСистемы 001P-14	RU000A101FH6	AAA	6.6	97.23	OFFER	1000.0	6.33	978.63	147	13.7695	14.4959	14.5	2027-02-11			1	0	[]	[]	292	17640985
2027-02-12	PUT	ГК Самолет БО-П11	RU000A104JQ3	A-	26.0	92.22	OFFER	1000.0	26.36	948.56	148	47.08	54.0146	54.86	2028-02-08	2027-02-12	100.0	0	0	[]	[]	2069	54346294
2027-02-12	PUT	РЖД БО 001Р-05R	RU000A0ZYU05	AAA	15.3	100.17	OFFER	1000.0	15.51	1017.21	148	14.3239	14.9623	15.63	2033-02-01	2027-02-12	100.0	0	0	[]	[]	29	7622389
2027-02-12	MATURITY	СберИОС 001Р-516R 5Г SBER	RU000A104FK4	NR	0.01	117.02	OFFER	1000.0	0	1170.2	148	-35.8489	-32.1167	0.0	2027-02-12			1	0	[]	[]	0	0
2027-02-13	MATURITY	БЭЛТИ-ГРАНД ООО БО-П04	RU000A103DY2	NR	12.25	98.29	OFFER	150.0	0.05	147.485	149	14.5583	19.0179	18.91	2027-02-13			2	0	[]	[]	28	35195
2027-02-15	MATURITY	Вымпел-Коммуникации 001Р-05	RU000A105W81	AA	9.35	98.75	OFFER	1000.0	7.94	995.44	151	12.428	13.0731	12.99	2027-02-15			1	0	["2027-02-15"]	[]	5	41434
2027-02-15	MATURITY	ЭкономЛизинг 001Р-07	RU000A107SX3	BBB-	16.0	98.0	OFFER	1000.0	13.59	993.59	151	20.9684	22.8483	22.85	2027-02-15			1	0	[]	[]	21	116740
2027-02-16	MATURITY	Банк ВТБ (ПАО) Б-1-269	RU000A104081	NR	0.01	102.99	OFFER	1000.0	0	1029.9	152	-6.9622	-6.8214	0.0	2027-02-16			1	0	[]	["2027-02-16"]	0	0
2027-02-17	MATURITY	АЛЬФА-БАНК Б2Р26	RU000A107TH4	AA+	13.8	100.43	OFFER	1000.0	10.96	1015.26	153	12.5853	13.3236	13.7	2027-02-17			1	0	[]	[]	25	188702
2027-02-18	MATURITY	Банк ВТБ (ПАО) Б-1-299	RU000A104DK9	NR	0.01	106.89	OFFER	1000.0	0	1068.9	154	-15.2665	-14.5982	0.0	2027-02-18			1	0	[]	["2027-02-18"]	0	0
2027-02-18	MATURITY	Мани Капитал 001P-03	RU000A107WD7	B+	15.0	97.57	OFFER	1000.0	10.68	986.38	154	15.1236	27.9491	29.26	2027-02-18			5	0	[]	[]	29	688881
2027-02-18	MATURITY	ПИР БО-01-001P	RU000A107WF2	BB	18.5	97.89	OFFER	250.0	3.29	248.015	154	18.2384	29.2831	29.33	2027-02-18			2	0	[]	[]	29	27099
2027-02-19	MATURITY	Новые технологии 001Р-04	RU000A10AYF7	A-	24.25	103.34	OFFER	1000.0	17.94	1051.34	155	15.5848	16.8754	17.23	2027-02-19			1	0	[]	[]	93	1134741
2027-02-19	PUT	Сибирское Стекло БО-02	RU000A10CJ84	BB-	24.5	96.91	OFFER	1000.0	18.79	987.89	155	31.6914	37.0555	37.7	2028-08-09	2027-02-19	100.0	0	0	[]	["2027-02-26"]	62	449760
2027-02-20	MATURITY	Банк ВТБ (ПАО) Б-1-270	RU000A1043Q6	NR	0.01	99.49	OFFER	1000.0	0	994.9	156	1.2089	1.2131	0.0	2027-02-20			1	1	[]	["2027-02-20"]	0	0
2027-02-24	MATURITY	АО Авто Финанс Банк БО-001Р-14	RU000A10B0U0	AA	23.0	103.65	OFFER	1000.0	12.6	1049.1	160	13.9819	15.3327	15.46	2027-02-24			1	0	[]	[]	224	2658368
2027-02-24	PUT	АПРИ БО-002Р-05	RU000A10A1P9	BBB-	24.0	95.6	OFFER	1000.0	24.33	980.33	160	32.4271	37.2307	40.15	2028-11-07	2027-02-24	100.0	0	0	[]	[]	65	492780
2027-02-24	MATURITY	Банк ВТБ (ПАО) Б-1-300	RU000A104DL7	NR	0.01	99.8	OFFER	1000.0	0	998.0	160	0.4686	0.4692	0.0	2027-02-24			1	0	[]	["2027-02-24"]	0	0
2027-02-24	MATURITY	СДЭК Глобал БО-П01	RU000A102SM7	NR	9.5	98.56	OFFER	200.0	1.04	198.16	160	10.1998	15.1658	15.09	2027-02-24			2	0	[]	[]	41	135469
2027-02-25	PUT	ДОМ.РФ ПАО 001Р-05R	RU000A1004W6	AAA	13.95	100.38	OFFER	1000.0	10.32	1014.12	161	12.3937	12.8581	13.54	2029-02-16	2027-02-25	100.0	0	0	[]	[]	5	15032
2027-02-25	PUT	ЭкономЛизинг 002Р-01	RU000A10CDX0	BBB-	22.0	100.15	OFFER	1000.0	21.1	1022.6	161	19.3099	21.2294	23.92	2028-08-10	2027-02-25	100.0	0	0	[]	["2027-02-26"]	14	85010
2027-02-26	MATURITY	ИНАРКТИКА 002Р-01	RU000A107W48	A+	14.25	99.97	OFFER	1000.0	7.81	1007.51	162	14.2116	15.0822	15.08	2027-02-26			1	0	[]	[]	341	5478304
2027-02-26	MATURITY	СберИОС 001Р-515R 5Г ТЕХ	RU000A104FL2	NR	0.01	95.2	PREV/LAST FALLBACK	1000.0	0	952.0	162	11.4784	11.8464	0.0	2027-02-26			1	0	[]	[]	0	0
2027-02-26	MATURITY	СберИОС 001Р-608R 3Г IMOEX	RU000A107S77	NR	0.01	93.73	PREV/LAST FALLBACK	1000.0	0	937.3	162	15.0959	15.7331	0.0	2027-02-26			1	0	[]	[]	0	0
2027-02-28	MATURITY	ГПБ (АО) БО 004Р-03	RU000A107Q95	NR	0.01	96.99	OFFER	1000.0	0.06	969.96	164	6.9157	7.0477	8.84	2027-02-28			1	0	[]	[]	0	0
2027-02-28	MATURITY	ГПБ (АО) БО 004Р-16	RU000A10ANY1	NR	0.01	128.93	OFFER	1000.0	0.06	1289.36	164	-49.9302	-43.1871	-32.37	2027-02-28			1	0	[]	[]	0	0
2027-02-28	MATURITY	Джи-групп 002P-06	RU000A10B1Q6	BBB+	24.75	102.79	OFFER	1000.0	10.85	1038.75	164	17.8456	19.8284	19.83	2027-02-28			1	0	[]	[]	224	3239392
2027-03-01	PUT	АФК Система БО 001P-09	RU000A1005L6	A+	17.5	99.86	OFFER	1000.0	10.55	1009.15	165	17.1222	17.9772	19.16	2029-02-21	2027-03-01	100.0	0	0	[]	[]	111	737402
2027-03-01	PUT	Байсэл 001P-04	RU000A10DEE6	BB-	25.25	100.64	OFFER	1000.0	23.52	1029.92	165	20.6151	22.8819	26.49	2029-08-10	2027-03-01	100.0	0	0	[]	[]	34	181038
2027-03-01	MATURITY	Банк ВТБ (ПАО) Б-1-271	RU000A1043R4	NR	0.01	102.0	PREV/LAST FALLBACK	1000.0	0	1020.0	165	-4.3288	-4.2776	0.0	2027-03-01			1	0	[]	["2027-03-01"]	0	0
2027-03-01	MATURITY	Селигдар 001Р-02	RU000A10B1X2	A+	24.0	104.3	OFFER	1000.0	9.86	1052.86	165	13.7661	15.0779	15.13	2027-03-01			1	0	[]	[]	437	6744003
2027-03-02	MATURITY	Ростелеком ПАО 001P-15R	RU000A10B214	AAA	18.75	102.34	OFFER	1000.0	7.19	1030.59	166	13.2002	14.2695	14.27	2027-03-02			1	0	[]	[]	266	3570595
2027-03-03	PUT	АФК Система БО 001P-23	RU000A104693	A+	17.5	99.9	OFFER	1000.0	9.59	1008.59	167	17.0479	18.3322	18.94	2031-11-21	2027-03-03	100.0	0	0	[]	[]	18	69896
2027-03-03	PUT	Мобильные ТелеСистемы 002P-07	RU000A10B1N3	AAA	14.6	100.76	OFFER	1000.0	6.4	1014.0	167	12.5016	13.3811	13.67	2028-02-23	2027-03-03	100.0	0	0	[]	[]	188	4911922
2027-03-04	MATURITY	ВИС ФИНАНС БО-П08	RU000A10B2T8	A+	24.0	104.1	OFFER	1000.0	7.89	1048.89	168	14.3938	15.7699	15.77	2027-03-04			1	0	[]	[]	393	4338784
2027-03-04	MATURITY	ХК Новотранс 001P-05	RU000A107W06	AA-	14.25	99.68	OFFER	1000.0	5.47	1002.27	168	11.0596	16.1129	16.11	2027-03-04			2	0	[]	[]	238	6392849
2027-03-06	MATURITY	Банк ВТБ (ПАО) Б-1-272	RU000A1043S2	NR	0.01	99.5	OFFER	1000.0	0	995.0	170	1.0876	1.0908	0.0	2027-03-06			1	1	[]	["2027-03-06"]	0	0
2027-03-06	MATURITY	Рекорд Трейд БО-01	RU000A1082M3	B	20.0	88.44	OFFER	1000.0	5.48	889.88	170	50.3686	60.4005	60.36	2027-03-06			1	0	[]	[]	175	1095614
2027-03-07	MATURITY	Группа ЛСР ПАО БО 001Р-09	RU000A1082X0	A	14.75	100.26	OFFER	1000.0	3.64	1006.24	171	14.1022	15.1231	15.55	2027-03-07			1	0	[]	[]	183	3851315
2027-03-07	MATURITY	Новые технологии БO-03	RU000A1082W2	A-	18.1	101.49	OFFER	1000.0	4.46	1019.36	171	14.641	15.8358	15.81	2027-03-07			1	0	[]	[]	81	1022277
2027-03-09	MATURITY	Банк ВТБ (ПАО) Б-1-302	RU000A104DN3	NR	0.01	100.85	PREV/LAST FALLBACK	1000.0	0	1008.5	173	-1.7678	-1.7596	0.0	2027-03-09			1	0	[]	["2027-03-09"]	0	0
2027-03-09	PUT	Баррель БО-01	RU000A10B2U6	B+	27.0	70.87	OFFER	1000.0	8.88	717.58	173	122.1828	179.7838	181.8	2028-02-27	2027-03-09	100.0	0	0	[]	[]	650	2467666
2027-03-09	MATURITY	МФК ВЭББАНКИР 04	RU000A106Y88	BB	15.0	98.69	OFFER	500.2	1.44	495.0874	173	11.3836	22.038	22.04	2027-03-09			6	0	[]	[]	16	305467
2027-03-09	PUT	Росинтер Холдинг БО-01	RU000A10CM14	B	25.5	82.92	OFFER	1000.0	13.97	843.17	173	71.0615	89.2378	93.47	2028-08-25	2027-03-09	100.0	0	0	[]	["2027-03-10"]	106	337210
2027-03-10	MATURITY	Банк ВТБ (ПАО) Б-1-273	RU000A1043T0	NR	0.01	98.0	OFFER	1000.0	0	980.0	174	4.2896	4.3378	0.0	2027-03-10			1	0	[]	["2027-03-10"]	0	0
2027-03-11	PUT	МФК ВЭББАНКИР 06	RU000A1082K7	BB	20.0	99.93	OFFER	1000.0	5.48	1004.78	175	15.2176	21.748	22.17	2027-09-02	2027-03-11	100.0	6	0	[]	[]	43	709548
2027-03-11	PUT	Мобильные ТелеСистемы 001P-29	RU000A10CQ85	AAA	14.0	100.02	OFFER	1000.0	3.84	1004.04	175	13.5067	14.4468	14.89	2030-08-17	2027-03-11	100.0	0	0	[]	[]	138	600677
2027-03-11	PUT	Ростелеком ПАО 001P-04R	RU000A0ZYYE3	AAA	14.0	100.0	OFFER	1000.0	4.99	1004.99	175	13.4525	13.9577	14.47	2028-03-03	2027-03-11	100.0	0	0	[]	[]	20	7554892
2027-03-12	PUT	Айдеко БО-01	RU000A10CM71	BB-	27.0	101.34	OFFER	1000.0	11.84	1025.24	176	20.4263	24.461	25.88	2028-08-29	2027-03-12	100.0	2	0	[]	[]	117	869091
2027-03-14	MATURITY	"Сэтл-Групп" ООО БО 002P-03	RU000A1084B2	A-	17.0	100.6	OFFER	1000.0	0.93	1006.93	178	15.6583	16.8936	16.45	2027-03-14			1	0	[]	[]	735	4162031
2027-03-15	PUT	Группа компаний Медси 001P-02	RU000A105YB1	AA	13.0	99.52	OFFER	1000.0	2.49	997.69	179	13.7202	14.4646	14.78	2038-02-25	2027-03-15	100.0	0	0	[]	[]	40	2415678
2027-03-15	MATURITY	РЖД ОАО БО 001Р-20R	RU000A101M04	AAA	7.35	97.2	OFFER	1000.0	30.81	1002.81	179	13.0239	13.8933	13.89	2027-03-15			1	0	[]	[]	136	4929756
2027-03-16	PUT	ЛК Роделен БО 001Р-04	RU000A105SK4	BBB	20.0	98.37	OFFER	533.8	1.46	526.5591	180	19.9023	26.6131	27.11	2028-01-05	2027-03-16	100.0	6	0	[]	[]	114	653520
2027-03-17	PUT	ИКС 5 ФИНАНС 003P-11	RU000A10AT35	AAA	17.25	101.78	OFFER	1000.0	0.95	1018.75	181	13.1298	14.0809	14.39	2035-03-02	2027-03-17	100.0	0	0	[]	[]	138	8459518
2027-03-19	MATURITY	Аэрофьюэлз-002Р-04	RU000A10B3S8	A	24.75	103.47	OFFER	1000.0	61.03	1095.73	183	16.2733	18.5398	18.49	2027-03-19			1	0	[]	[]	855	4171611
2027-03-19	MATURITY	Банк ВТБ (ПАО) Б-1-304	RU000A104DQ6	NR	0.01	101.57	PREV/LAST FALLBACK	1000.0	0	1015.7	183	-3.0634	-3.0401	0.0	2027-03-19			1	0	[]	["2027-03-19"]	0	0
2027-03-19	MATURITY	СберИОС 001Р-614R 3Y PLZL	RU000A1080T2	NR	0.01	168.3	PREV/LAST FALLBACK	1000.0	0	1683.0	183	-80.931	-64.5877	0.0	2027-03-19			1	0	[]	[]	0	0
2027-03-22	MATURITY	Почта России (АО) БО-04	RU000A0JXMP0	NR	14.2	114.93	OFFER	1000.0	69.25	1218.55	186	-12.3889	-12.7129	-12.79	2027-03-22			1	0	[]	[]	4	6599
2027-03-23	MATURITY	Банк ВТБ (ПАО) Б-1-303	RU000A104DP8	NR	0.01	101.48	OFFER	1000.0	0	1014.8	187	-2.8274	-2.808	0.0	2027-03-23			1	0	[]	["2027-03-23"]	0	0
2027-03-24	MATURITY	АФК Система БО 002Р-03	RU000A10BY94	A+	21.5	102.48	OFFER	1000.0	12.96	1037.76	188	16.0762	17.7381	17.83	2027-03-24			1	0	[]	[]	1379	19522701
2027-03-24	MATURITY	МФК Быстроденьги 002Р-03	RU000A1070G0	BB	15.0	98.79	OFFER	1000.0	9.04	996.94	188	11.6399	20.7343	21.25	2027-03-24			4	0	[]	[]	23	944794
2027-03-24	MATURITY	СберИОС 001Р-689R 2Г BSKRUS	RU000A10AZU3	NR	0.01	98.01	OFFER	1000.0	0	980.1	188	3.9559	3.9939	0.0	2027-03-24			1	0	[]	[]	0	0
2027-03-26	MATURITY	АФК "Система" ПАО БО-001P-06	RU000A0JXN21	A+	10.5	97.87	OFFER	1000.0	50.05	1028.75	190	14.1864	15.4443	15.44	2027-03-26			1	0	[]	[]	88	516649
2027-03-26	MATURITY	СЕРГИЕВСКОЕ БО-01	RU000A1084N7	BB-	20.0	98.06	OFFER	750.0	34.11	769.56	190	13.7896	30.8047	32.13	2027-03-26			3	0	[]	[]	19	69750
2027-03-26	MATURITY	СберИОС 001Р-782R 1Г ОФЗ ДИС	RU000A10EF94	NR	0.01	102.78	OFFER	1000.0	0	1027.8	190	-5.1774	-5.1131	0.0	2027-03-26			1	0	[]	[]	0	0
2027-03-28	MATURITY	Брусника 002Р-02	RU000A107UU5	A-	21.0	100.58	OFFER	750.0	10.79	765.14	192	9.5358	20.4499	20.82	2027-03-28			3	0	[]	[]	411	4680891
2027-03-29	MATURITY	ГПБ (АО) БО 004Р-04	RU000A107VZ2	NR	0.01	98.98	OFFER	1000.0	0.05	989.85	193	1.9583	1.9674	1.93	2027-03-29			1	0	[]	[]	0	0
2027-03-30	PUT	ПАО ЛК Европлан БО-03	RU000A100W60	AA	19.5	112.0	OFFER	1000.0	93.49	1213.49	194	-2.9505	-3.1807	-2.74	2029-09-20	2027-03-30	100.0	0	0	[]	[]	99	586275
2027-03-30	MATURITY	СберИОС 001Р-783R 1Г ТАТНДИС	RU000A10EFK8	NR	0.01	108.99	OFFER	1000.0	0	1089.9	194	-15.5018	-14.937	0.0	2027-03-30			1	0	[]	[]	8	98768
2027-03-31	PUT	АФК Система БО 001P-10	RU000A1008J4	A+	16.0	99.24	OFFER	1000.0	76.27	1068.67	195	15.9195	17.8632	18.31	2029-03-23	2027-03-31	100.0	0	0	[]	[]	67	413387
2027-03-31	PUT	ГПБ (АО) БО 003Р-01Р	RU000A106YH6	AA+	12.0	98.53	OFFER	1000.0	57.21	1042.51	195	13.9131	15.2438	15.53	2033-09-27	2027-03-31	100.0	0	0	[]	[]	14	1075061
2027-03-31	MATURITY	ГПБ (АО) БО 004Р-17	RU000A10AZ78	NR	0.01	95.21	OFFER	1000.0	0.05	952.15	195	9.4263	9.6328	9.63	2027-03-31			1	0	[]	[]	0	0
2027-03-31	MATURITY	Сбер CIB-СО-528	RU000A0NR5U0	NR	0.01	92.65	PREV/LAST FALLBACK	1000.0	0.25	926.75	195	14.8552	15.3674	0.0	2027-03-31			1	0	[]	[]	0	0
2027-04-01	MATURITY	Эталон-Финанс 002Р-03	RU000A10BAP4	BBB+	25.5	101.97	OFFER	1000.0	9.78	1029.48	196	21.2078	23.8447	23.92	2027-04-01			1	0	[]	[]	568	12464790
2027-04-02	PUT	Почта России (АО) БО-001P-07	RU000A1008Y3	AA	18.5	101.2	OFFER	1000.0	86.16	1098.16	197	14.5671	16.4069	16.83	2029-03-27	2027-04-02	100.0	0	0	[]	[]	46	2117505
2027-04-03	MATURITY	Интерлизинг 001Р-08	RU000A108AL4	A	15.75	100.16	OFFER	395.0	2.05	397.682	198	8.417	16.2938	16.33	2027-04-03			7	0	[]	[]	91	179613
2027-04-03	MATURITY	МСБ-Лизинг 003P-03	RU000A108AJ8	BB+	18.0	99.82	OFFER	233.41	1.38	234.3699	198	10.1073	20.2931	20.29	2027-04-03			7	0	[]	[]	17	14193
2027-04-07	MATURITY	РЖД ОАО БО 001Р-15R	RU000A1009L8	NR	8.8	101.19	OFFER	1000.0	17.12	1029.02	202	6.462	6.7514	11.98	2027-04-07			1	0	[]	[]	0	0
2027-04-07	PUT	Фордевинд 05	RU000A108AK6	BB+	22.0	101.88	OFFER	1000.0	7.23	1026.03	202	17.7042	19.5438	20.1	2027-09-30	2027-04-07	100.0	0	0	[]	[]	51	436262
2027-04-08	MATURITY	Новые технологии 001Р-05	RU000A10BFK4	A-	23.25	103.89	OFFER	1000.0	4.46	1043.36	203	15.5804	17.1045	17.23	2027-04-08			1	0	[]	[]	53	625306
2027-04-08	MATURITY	Полипласт АО П02-БО-04	RU000A10BFJ6	A	25.5	104.83	OFFER	1000.0	4.89	1053.19	203	15.9677	17.638	17.92	2027-04-08			1	0	[]	[]	273	4980934
2027-04-09	MATURITY	ООО АСВ БО-02-001P	RU000A1089L0	BB+	20.0	99.7	OFFER	520.0	19.66	538.1	204	11.8871	22.6013	22.98	2027-04-09			3	0	[]	[]	28	330507
2027-04-11	MATURITY	МВ ФИНАНС 001Р-06	RU000A10BFP3	BBB-	26.0	103.13	OFFER	1000.0	2.85	1034.15	206	19.7787	22.0432	22.04	2027-04-11			1	0	[]	[]	385	6045325
2027-04-11	MATURITY	СИНАРА-Капитал БО-01	RU000A1085A1	NR	15.2	99.75	OFFER	1000.0	1.67	999.17	206	15.6513	16.8351	16.84	2027-04-11			1	0	[]	[]	1	9975
2027-04-11	MATURITY	Элемент Лизинг БО 001P-08	RU000A108C58	NR	16.0	100.49	OFFER	196.7	0.34	198.0038	206	8.1934	15.4251	15.43	2027-04-11			7	0	[]	[]	10	6911
2027-04-12	MATURITY	Ростелеком ПАО 001P-16R	RU000A10BG13	AAA	17.65	102.48	OFFER	1000.0	1.45	1026.25	207	12.9414	13.9079	13.91	2027-04-12			1	0	[]	[]	144	1626176
2027-04-13	MATURITY	ВсеИнструменты.ру 001Р-03	RU000A109VK0	A	21.85	104.77	OFFER	1000.0	1.2	1048.9	208	12.852	13.9368	13.94	2027-04-13			1	0	[]	[]	86	534593
2027-04-13	MATURITY	Санкт-Петербург обл. 35003	RU000A102A15	NR	6.05	97.57	OFFER	500.0	12.93	500.78	208	8.1822	13.4381	13.85	2027-04-13			2	0	[]	[]	88	911507
2027-04-14	PUT	РЕСО-Лизинг ООО БО-П-25	RU000A108C74	AA-	15.5	100.03	OFFER	1000.0	1.7	1002.0	209	15.1948	16.3412	16.65	2034-03-05	2027-04-14	100.0	0	0	[]	[]	118	656225
2027-04-14	MATURITY	Ростелеком ПАО 001P-02R	RU000A0JXPN8	AAA	19.5	103.54	OFFER	1000.0	82.81	1118.21	209	11.9087	13.2317	13.92	2027-04-14			1	0	[]	[]	26	79538
2027-04-14	PUT	Татнефтехим 001-P-02	RU000A108BX7	BB+	20.5	101.55	OFFER	1000.0	19.66	1035.16	209	16.8102	18.513	19.22	2029-03-30	2027-04-14	100.0	0	0	[]	[]	71	810874
2027-04-18	MATURITY	Вымпел-Коммуникации 001Р-03	RU000A105YK2	AA	7.3	98.18	OFFER	1000.0	12.0	993.8	213	10.4838	10.972	11.05	2027-04-18			1	0	["2027-04-18"]	[]	1	5888
2027-04-19	PUT	АФК Система БО 001P-14	RU000A101XN7	A+	10.5	94.25	OFFER	1000.0	18.41	960.91	214	20.8792	22.6188	22.91	2030-07-10	2027-04-19	100.0	0	0	[]	[]	284	13640646
2027-04-20	PUT	АФК Система БО 002Р-01	RU000A10B024	A+	17.5	100.14	OFFER	1000.0	1.92	1003.32	215	17.039	18.4886	18.75	2028-03-24	2027-04-20	100.0	0	0	[]	[]	735	17184442
2027-04-20	PUT	Векус БО-01	RU000A10D4E4	B+	27.0	100.17	OFFER	1000.0	3.7	1005.4	215	25.3165	28.718	30.59	2028-10-01	2027-04-20	100.0	0	0	[]	[]	89	617736
2027-04-20	PUT	СУЭК-Финанс 001Р-06R	RU000A102986	A-	18.9	101.75	OFFER	1000.0	79.74	1097.24	215	14.1169	15.7568	16.24	2030-10-10	2027-04-20	100.0	0	0	[]	[]	10	138374
2027-04-20	MATURITY	Ярославская обл. об.2017г.	RU000A0JXS83	NR	8.4	98.85	OFFER	250.0	3.34	250.465	215	6.7883	12.471	12.47	2027-04-20			2	0	[]	[]	17	12345
2027-04-21	MATURITY	Центр-инвест ПАО БО-13	RU000A108BQ1	NR	15.0	109.0	OFFER	1000.0	60.82	1150.82	216	-0.1821	-0.1925	14.7	2027-04-21			1	0	[]	[]	4	28112
2027-04-22	MATURITY	АПРИ БО-002Р-02	RU000A106631	BBB-	24.0	96.8	OFFER	750.0	27.62	753.62	217	19.2259	38.8767	38.88	2027-04-22			3	0	[]	[]	240	2062343
2027-04-22	MATURITY	ПАО НК Роснефть 001P-04	RU000A0JXQK2	AAA	9.0	97.82	OFFER	1000.0	36.25	1014.45	217	12.4869	13.3032	13.3	2027-04-22			1	0	[]	[]	66	982943
2027-04-23	MATURITY	Первое кол.бюро НАО 001Р-04	RU000A108CC9	A-	17.0	100.46	OFFER	502.0	12.86	517.1692	218	8.9227	16.4896	16.49	2027-04-23			3	0	[]	[]	66	531603
2027-04-26	MATURITY	ГПБ (АО) БО 004Р-05	RU000A1084F3	NR	0.01	92.07	OFFER	1000.0	0.04	920.74	221	14.2353	14.6311	14.22	2027-04-26			1	0	[]	[]	0	0
2027-04-27	PUT	Газпром капитал ООО БО-001Р-05	RU000A106672	AAA	9.8	97.53	OFFER	1000.0	15.04	990.34	222	13.7712	14.6126	14.86	2028-04-20	2027-04-27	100.0	0	0	[]	[]	160	23574853
2027-04-29	PUT	Почта России (АО) БО-001P-05	RU000A0ZZ5J9	AA	17.5	102.1	OFFER	1000.0	68.56	1089.56	224	12.706	13.9686	14.39	2028-04-24	2027-04-29	100.0	0	0	[]	[]	28	146629
2027-04-30	PUT	АФК Система БО 001P-12	RU000A101012	A+	18.0	100.98	OFFER	1000.0	70.03	1079.83	225	14.9734	16.5698	16.82	2029-10-23	2027-04-30	100.0	0	0	[]	[]	39	1549567
2027-04-30	MATURITY	ГПБ (АО) БО 004Р-18	RU000A10B5S3	NR	0.01	94.91	OFFER	1000.0	0.04	949.14	225	8.7098	8.8543	16.13	2027-04-30			1	0	[]	[]	2	1819
2027-04-30	MATURITY	РЖД БО 001Р-24R	RU000A104SX0	AAA	11.87	99.66	OFFER	1000.0	45.2	1041.8	225	11.9245	12.7912	12.77	2027-04-30			1	0	[]	[]	137	1827880
2027-04-30	MATURITY	СберИОС 001Р-706R 2Y WDC KR	RU000A10BGB1	NR	0.01	95.1	PREV/LAST FALLBACK	1000.0	0	951.0	225	8.3926	8.5268	0.0	2027-04-30			1	0	[]	[]	0	0
2027-05-04	PUT	ГК Сегежа 003P-02R	RU000A105SP3	BB-	25.0	97.25	OFFER	1000.0	32.88	1005.38	229	28.7917	32.8816	33.31	2038-01-15	2027-05-04	100.0	0	0	[]	[]	85	516916
2027-05-08	MATURITY	БИЗНЕС АЛЬЯНС 001P-05	RU000A108GM9	BBB-	17.0	93.28	OFFER	1000.0	3.26	936.06	233	28.5805	31.6966	37.11	2027-05-08			1	0	[]	[]	65	377463
2027-05-09	MATURITY	Ультра БО-01	RU000A106AU9	NR	20.0	99.4	OFFER	440.0	1.45	438.81	234	16.7816	23.4612	23.38	2027-05-09			3	0	[]	[]	7	4798
2027-05-11	MATURITY	Почта России (АО) БО-001P-02	RU000A0JXRD5	NR	15.15	100.49	OFFER	1000.0	53.13	1058.03	236	13.6019	14.7466	14.71	2027-05-11			1	0	[]	[]	7	20071
2027-05-12	MATURITY	Республика Саха (Якутия) 35014	RU000A101P27	NR	6.49	96.36	OFFER	300.0	0.32	289.4	237	11.101	14.8037	14.8	2027-05-12			2	0	[]	[]	304	3944243
2027-05-12	PUT	Транспортная ЛК 001P-02	RU000A10BJL4	BB-	24.0	98.51	OFFER	833.6	10.41	831.5894	237	20.4774	29.3475	31.59	2028-04-20	2027-05-12	100.0	8	0	[]	[]	84	150580
2027-05-13	MATURITY	АГРО-ФРЕГАТ БО-01	RU000A108FG3	B-	22.5	94.45	OFFER	750.0	16.18	724.555	238	23.1951	43.9198	48.3	2027-05-13			3	0	[]	[]	24	83930
2027-05-16	MATURITY	А101 БО-001Р-01	RU000A108KU4	A+	17.0	103.0	OFFER	1000.0	13.51	1043.51	241	11.9332	12.955	13.76	2027-05-16			1	0	[]	[]	67	569470
2027-05-19	MATURITY	Полипласт АО П02-БО-05	RU000A10BPN7	A	25.5	105.25	OFFER	1000.0	18.16	1070.66	244	16.4839	18.546	18.46	2027-05-19			1	0	[]	[]	519	11568509
2027-05-19	PUT	Росинтер Холдинг БО-02	RU000A10DD97	B	24.0	76.5	OFFER	1000.0	24.99	789.99	244	73.7602	90.6548	92.17	2028-11-06	2027-05-19	100.0	0	0	[]	[]	149	671010
2027-05-20	MATURITY	АФК Система БО 002Р-02	RU000A10BPZ1	A+	22.75	103.9	OFFER	1000.0	15.58	1054.58	245	16.0651	17.8908	17.89	2027-05-20			1	0	[]	[]	717	9713127
2027-05-20	MATURITY	АйДи Коллект 07	RU000A108L65	BBB-	19.0	100.1	OFFER	751.0	9.77	761.521	245	9.445	20.3814	20.38	2027-05-20			9	0	[]	[]	49	500225
2027-05-20	MATURITY	Спектр БО-02	RU000A10BQ03	BB+	27.5	102.2	OFFER	1000.0	18.84	1040.84	245	23.2679	26.7175	26.72	2027-05-20			1	0	[]	[]	85	759654
2027-05-23	MATURITY	РОЛЬФ БО 001Р-08	RU000A10BQ60	BBB+	25.5	104.41	OFFER	1000.0	15.37	1059.47	248	17.9438	20.201	20.2	2027-05-23			1	0	[]	[]	228	3897122
2027-05-24	MATURITY	Автодор ГК БО-005Р-17	RU000A10FYR1	NR	14.4	102.0	LAST	1000.0	8.28	1028.28	249	11.1592	11.9542	11.95	2027-05-24			1	0	[]	[]	5	28560
2027-05-24	MATURITY	Банк ВТБ (ПАО) Б-1-242	RU000A103TX0	NR	0.01	91.9	OFFER	1000.0	0.03	919.03	249	12.9308	13.1929	17.63	2027-05-24			1	0	[]	["2027-05-24"]	0	0
2027-05-24	MATURITY	ХЭНДЕРСОН 001P-01	RU000A10BQC8	A+	19.5	103.63	OFFER	1000.0	11.22	1047.52	249	13.5389	14.8138	15.19	2027-05-24			1	0	[]	[]	541	9031227
2027-05-25	MATURITY	Акрон (ПАО) БО-001P-02	RU000A0JXSS1	NR	5.0	98.39	OFFER	1000.0	15.62	999.52	250	7.3532	7.5757	7.72	2027-05-25			1	0	[]	[]	2	1967
2027-05-25	MATURITY	Газпром капитал ООО БО-001Р-04	RU000A101QN1	AAA	5.9	94.95	OFFER	1000.0	18.43	967.93	250	13.7126	14.3234	14.32	2027-05-25			1	0	[]	[]	57	693658
2027-05-26	PUT	Аквилон-Лизинг БО-04-001P	RU000A10DJM8	BBB-	22.0	100.15	OFFER	760.0	12.37	773.51	251	18.4971	23.1331	23.51	2028-11-17	2027-05-26	100.0	3	0	[]	[]	26	165726
2027-05-26	MATURITY	Банк ВТБ (ПАО) Б-1-241	RU000A103TW2	NR	0.01	205.0	OFFER	1000.0	0.03	2050.03	251	-74.4765	-64.7877	-64.41	2027-05-26			1	0	[]	["2027-05-26"]	0	0
2027-05-26	MATURITY	Нижегородская область 35016	RU000A1043K9	NR	9.25	97.97	OFFER	700.0	5.32	691.11	251	10.3313	13.8878	13.89	2027-05-26			2	0	[]	[]	28	273282
2027-05-27	PUT	АФК Система БО 001P-19	RU000A102SX4	A+	17.5	99.99	OFFER	1000.0	11.51	1011.41	252	17.1104	18.4456	18.67	2031-02-17	2027-05-27	100.0	0	0	[]	[]	19	79969
2027-05-27	PUT	ГК Сегежа 002P-04R	RU000A104UA4	BB-	9.85	88.24	OFFER	1000.0	6.48	888.88	252	30.1128	32.4724	32.62	2037-05-11	2027-05-27	100.0	0	0	[]	[]	6	703562
2027-05-27	MATURITY	СОПФ ДОМ.РФ 13	RU000A10BPQ0	AAA	17.95	102.38	OFFER	1000.0	10.33	1034.13	252	14.0229	15.0271	15.01	2027-05-27			1	0	[]	[]	20	308152
2027-05-28	PUT	АйДи Коллект 001P-04	RU000A10BQH7	BBB-	25.25	102.95	OFFER	1000.0	13.84	1043.34	253	19.8301	22.3755	22.71	2029-05-14	2027-05-28	100.0	0	0	[]	[]	69	372251
2027-05-28	MATURITY	СберИОС 001Р-796R 1Г PLZLДИС	RU000A10F157	NR	0.01	99.99	OFFER	1000.0	0	999.9	253	0.0289	0.0289	0.0	2027-05-28			1	0	[]	[]	7	406368
2027-05-30	MATURITY	ГПБ (АО) БО 004Р-19	RU000A10BF63	NR	0.01	92.49	OFFER	1000.0	0.03	924.93	255	11.6329	11.8338	11.83	2027-05-30			1	0	[]	[]	0	0
2027-05-31	MATURITY	ГПБ (АО) БО 004Р-06	RU000A108CG0	NR	0.01	91.0	OFFER	1000.0	0.03	910.03	256	14.1116	14.4036	14.4	2027-05-31			1	0	[]	[]	1	910
2027-06-01	MATURITY	Банк ВТБ (ПАО) Б-1-393	RU000A10EVS8	NR	0.01	95.9	PREV/LAST FALLBACK	1000.0	0	959.0	257	6.0808	6.1352	0.0	2027-06-01			1	0	[]	["2027-06-01"]	0	0
2027-06-03	PUT	АФК Система БО 001P-16	RU000A102FS1	A+	10.3	93.42	OFFER	1000.0	4.8	939.0	259	20.7173	21.9765	22.11	2030-11-25	2027-06-03	100.0	0	0	[]	[]	57	487687
2027-06-03	PUT	АФК Система БО 001P-17	RU000A102FT9	A+	17.5	99.07	OFFER	1000.0	51.78	1042.48	259	17.8497	19.4911	19.71	2030-11-25	2027-06-03	100.0	0	0	[]	[]	51	640790
2027-06-03	MATURITY	Кеарли Групп 001Р-01	RU000A108Q78	B+	21.0	88.47	OFFER	750.0	4.75	668.275	259	33.6197	63.1329	66.49	2027-06-03			3	0	[]	[]	52	242896
2027-06-03	MATURITY	Сбер CIB-СО-530	RU000A0NR5W6	NR	0.01	83.96	PREV/LAST FALLBACK	1000.0	0.23	839.83	259	26.9275	27.9435	0.0	2027-06-03			1	0	[]	[]	0	0
2027-06-03	MATURITY	СберИОС 001Р-529R 5Г IMOEX	RU000A104KY5	AAA	0.01	102.64	OFFER	1000.0	0	1026.4	259	-3.611	-3.592	0.0	2027-06-03			1	0	[]	[]	0	0
2027-06-06	MATURITY	МСП Банк 001P-01	RU000A108RM6	NR	0.01	96.0	OFFER	1000.0	0	960.0	262	5.8134	5.8608	5.94	2027-06-06			1	0	[]	[]	0	0
2027-06-07	PUT	ГТЛК БО 001P-18	RU000A101SC0	AA-	7.84	94.66	OFFER	1000.0	3.22	949.82	263	15.9017	16.6207	17.33	2035-05-23	2027-06-07	100.0	0	0	[]	[]	23	105862
2027-06-07	PUT	Почта России БО-002P-01	RU000A104V75	AA	11.4	96.22	OFFER	1000.0	33.11	995.31	263	16.5052	17.6136	17.87	2032-05-26	2027-06-07	100.0	0	0	[]	[]	35	384159
2027-06-07	MATURITY	Россети ПАО БО 001P-17R	RU000A10BT34	AAA	16.0	101.94	OFFER	1000.0	3.07	1022.47	263	13.0141	13.9852	13.99	2027-06-07			1	0	[]	[]	105	1001845
2027-06-08	MATURITY	МФК Быстроденьги 002Р-04	RU000A107GU4	BB	22.5	101.43	OFFER	1000.0	3.7	1018.0	264	20.156	22.3619	22.68	2027-06-08			1	0	[]	[]	118	1125477
2027-06-08	MATURITY	ПАО ТМК 001P-04	RU000A0JXTY7	NR	14.0	100.0	OFFER	1000.0	38.36	1038.36	264	13.4828	14.3982	14.4	2027-06-08			1	0	[]	[]	3	3000
2027-06-08	MATURITY	СПМК БО-02	RU000A106FN3	B+	14.4	98.09	OFFER	750.0	1.78	737.455	264	12.3371	20.0581	20.64	2027-06-08			3	0	[]	[]	226	482641
2027-06-08	MATURITY	СберИОС 001Р-528R 5Г BSKRUS	RU000A104KE7	NR	0.01	88.5	PREV/LAST FALLBACK	1000.0	0	885.0	264	18.0438	18.4827	0.0	2027-06-08			1	0	[]	[]	0	0
2027-06-09	MATURITY	АЛЬФА-БАНК Б2Р30	RU000A10DS66	AA+	14.5	100.92	OFFER	1000.0	1.99	1011.19	265	13.0886	13.9907	13.97	2027-06-09			1	0	[]	[]	130	2049696
2027-06-09	MATURITY	Лизинг-Трейд 001P-04	RU000A104XE0	BB+	15.0	91.9	OFFER	1000.0	2.05	921.05	265	28.4011	31.1589	31.2	2027-06-09			1	0	[]	[]	41	188226
2027-06-09	PUT	Мобильные ТелеСистемы 001P-28	RU000A10AV98	AAA	13.25	99.39	OFFER	1000.0	3.63	997.53	265	13.874	14.8193	15.09	2028-01-30	2027-06-09	100.0	0	0	[]	[]	334	5291915
2027-06-09	MATURITY	УЛК 001Р-01	RU000A10BTT6	BBB	24.5	101.93	OFFER	1000.0	3.36	1022.66	265	21.3609	23.8799	23.88	2027-06-09			1	0	[]	[]	189	2528561
2027-06-10	MATURITY	ВЭБ.РФ ПБО-001Р-19	RU000A101TB0	AAA	6.59	94.95	OFFER	1000.0	17.69	967.19	266	13.9787	14.5778	14.58	2027-06-10			1	0	[]	[]	72	3382405
2027-06-10	MATURITY	КАМАЗ ПАО БО-П15	RU000A10BU31	A	18.0	101.8	OFFER	1000.0	1.97	1019.97	266	15.2209	16.4983	16.53	2027-06-10			1	0	[]	[]	314	6776597
2027-06-11	MATURITY	РЖД БО 001Р-21R	RU000A102QP4	AAA	6.85	95.49	OFFER	1000.0	18.2	973.1	267	13.3768	13.9464	13.93	2027-06-11			1	0	[]	[]	134	3520371
2027-06-11	PUT	РОСЭКСИМБАНК 002P-02	RU000A101T56	AA+	18.4	102.49	OFFER	1000.0	50.41	1075.31	267	13.7542	14.8988	15.11	2030-06-04	2027-06-11	100.0	0	0	[]	[]	4	4101
2027-06-15	MATURITY	Банк ВТБ (ПАО) Б-1-396	RU000A10EVV2	NR	0.01	103.95	OFFER	1000.0	0	1039.5	271	-5.1102	-5.0764	0.0	2027-06-15			1	0	[]	["2027-06-15"]	0	0
2027-06-16	MATURITY	Калининградская область 35003	RU000A102KN2	NR	6.1	94.78	OFFER	300.0	0.05	284.39	272	13.8207	14.2873	14.29	2027-06-16			1	0	[]	[]	44	107995
2027-06-16	PUT	РЕСО-Лизинг ООО БО-П-22	RU000A106DP3	AA-	13.1	98.05	OFFER	1000.0	34.81	1015.31	272	15.2429	16.2701	16.95	2033-06-03	2027-06-16	100.0	0	0	[]	["2027-06-17"]	6	498072
2027-06-18	MATURITY	СберИОС 001Р-524R 5Г IMOEX	RU000A104JY7	NR	0.01	105.11	OFFER	1000.0	0	1051.1	274	-6.4635	-6.4109	0.0	2027-06-18			1	0	[]	[]	1	47775
2027-06-18	MATURITY	ТД РКС 002Р-04	RU000A108RK0	BBB	20.0	99.4	OFFER	1000.0	49.32	1043.32	274	19.9335	22.5739	24.14	2027-06-18			1	0	[]	[]	78	391124
2027-06-20	MATURITY	СФО Локосервис финанс ООО 01	RU000A0JXLU2	NR	8.68	100.06	PREV/LAST FALLBACK	0.01	0	0.01	276	269.8809		0.0	2027-06-20			1	2	[]	[]	0	0
2027-06-20	MATURITY	Стеллар Груп Рус 001Р-02	RU000A10FHT2	NR	17.0	101.57	OFFER	1000.0	11.18	1026.88	276	14.5295	15.8332	17.38	2027-06-20			1	0	[]	[]	11	102904
2027-06-22	PUT	АйДи Коллект 001P-05	RU000A10BW88	BBB-	25.25	102.96	OFFER	1000.0	18.68	1048.28	278	19.942	22.6526	23.16	2029-06-06	2027-06-22	100.0	0	0	[]	[]	136	5250357
2027-06-22	MATURITY	МГКЛ 001Р-02	RU000A105PJ2	NR	16.5	122.0	OFFER	1000.0	38.88	1258.88	278	-9.8371	-10.3845	-10.38	2027-06-22			1	0	[]	[]	0	0
2027-06-22	MATURITY	Новые технологии 001Р-07	RU000A10BY45	A-	20.25	103.03	OFFER	1000.0	12.21	1042.51	278	15.6029	17.217	17.42	2027-06-22			1	0	[]	[]	105	1354733
2027-06-22	MATURITY	Республика Башкортостан 34015	RU000A10BV22	NR	16.25	101.37	OFFER	1000.0	0	1013.7	278	9.9187	14.5411	14.54	2027-06-22			2	0	[]	[]	95	3623902
2027-06-22	PUT	Сибнефтехимтрейд БО-03	RU000A107A93	B	25.0	99.38	OFFER	1000.0	1.37	995.17	278	25.0381	28.1823	29.23	2028-11-03	2027-06-22	100.0	0	0	[]	[]	98	670306
2027-06-23	PUT	ИКС 5 ФИНАНС 003P-15	RU000A10DYP0	AAA	14.5	100.24	OFFER	1000.0	10.33	1012.73	279	13.7538	14.8472	15.14	2035-12-03	2027-06-23	100.0	0	0	[]	[]	107	541989
2027-06-23	PUT	Транспортная ЛК 001P-03	RU000A10BTQ2	BB-	23.5	97.57	OFFER	875.2	2.82	856.7526	279	21.6308	30.8204	31.82	2028-06-03	2027-06-23	100.0	9	0	[]	[]	120	542913
2027-06-23	MATURITY	Урожай БО-05	RU000A108U49	CCC	0.01	61.85	OFFER	1000.0	0.02	618.52	279	80.7045	87.5075	92.33	2027-06-23			1	0	[]	[]	17	28179
2027-06-23	PUT	ЭнергоТехСервис 001Р-07	RU000A10BUM9	BBB+	21.0	102.94	OFFER	1000.0	0	1029.4	279	16.0055	17.5141	19.76	2029-06-03	2027-06-23	100.0	0	0	[]	[]	31	167409
2027-06-24	MATURITY	Агротек БО-03	RU000A106YL8	BB	16.5	98.6	OFFER	1000.0	37.97	1023.97	280	10.0406	21.9555	23.04	2027-06-24			4	0	["2026-09-24"]	[]	19	132593
2027-06-24	MATURITY	ПЕРВОУРАЛЬСКБАНК 001Р-01	RU000A108Y60	BB	22.0	101.44	OFFER	419.0	5.05	430.0836	280	9.3676	19.7894	20.19	2027-06-24			10	0	[]	[]	32	85734
2027-06-24	MATURITY	СберИОС 001Р-525R 5Г ФНЭ	RU000A104KK4	NR	0.01	95.37	OFFER	1000.0	0	953.7	280	6.3969	6.444	0.0	2027-06-24			1	0	[]	[]	0	0
2027-06-25	MATURITY	Банк ВТБ (ПАО) Б-1-243	RU000A103TY8	NR	0.01	88.99	OFFER	1000.0	0.02	889.92	281	16.0819	16.3719	16.37	2027-06-25			1	0	[]	["2027-06-25"]	1	4450
2027-06-25	MATURITY	МГКЛ 001Р-03	RU000A106FW4	BB	16.0	79.89	OFFER	1000.0	36.38	835.28	281	50.4283	58.5662	60.17	2027-06-25			1	0	[]	[]	119	934429
2027-06-25	MATURITY	Минфин Ульяновской обл. 35002	RU000A101U61	NR	6.6	95.64	OFFER	300.0	4.5	291.42	281	11.1565	14.9126	14.91	2027-06-25			2	0	[]	[]	151	5030100
2027-06-25	MATURITY	СберИОС 001Р-523R 5Г SBER	RU000A104KX7	NR	0.01	145.48	LAST	1000.0	0	1454.8	281	-40.5983	-38.5409	0.0	2027-06-25			1	0	[]	[]	1	72740
2027-06-25	MATURITY	СберИОС 001Р-625R 3Y СБЕР	RU000A108LG1	NR	0.01	103.87	OFFER	1000.0	0	1038.7	281	-4.8271	-4.8	0.0	2027-06-25			1	0	[]	[]	0	0
2027-06-25	MATURITY	СберИОС 001Р-627R 3Г TW IMOEX	RU000A108QH8	NR	0.01	113.05	PREV/LAST FALLBACK	1000.0	0	1130.5	281	-14.9828	-14.7172	0.0	2027-06-25			1	0	[]	[]	0	0
2027-06-27	MATURITY	ГПБ (АО) БО 004Р-20	RU000A10BPC0	NR	0.01	90.28	OFFER	1000.0	0.02	902.82	283	13.8972	14.1089	14.68	2027-06-27			1	0	[]	[]	0	0
2027-06-30	MATURITY	ГПБ (АО) БО 004Р-21	RU000A10BPD8	AA+	0.01	89.27	OFFER	1000.0	0.02	892.72	286	15.3509	15.5989	15.6	2027-06-30			1	0	[]	[]	5	1904113
2027-06-30	PUT	РЕСО-Лизинг ООО БО-П-11	RU000A103C53	AA-	18.6	101.82	OFFER	1000.0	42.3	1060.5	286	15.0427	16.2274	16.58	2031-06-20	2027-06-30	100.0	0	0	[]	[]	17	74313
2027-07-01	PUT	АФК Система БО 001P-21	RU000A103C95	A+	17.5	98.58	OFFER	1000.0	38.36	1024.16	287	18.6713	20.1459	20.34	2031-06-23	2027-07-01	100.0	0	0	[]	[]	66	780368
2027-07-01	MATURITY	Автодор ГК БО-003Р-02	RU000A104XR2	AA	10.65	97.47	OFFER	1000.0	13.71	988.41	287	14.0301	14.6469	14.65	2027-07-01			1	0	[]	[]	62	5344680
2027-07-01	MATURITY	Банк ДОМ.РФ 001Р-02	RU000A10BXW2	NR	0.01	133.31	OFFER	1000.0	0.02	1333.12	287	-31.7696	-30.6176	-30.55	2027-07-01			1	0	[]	[]	0	0
2027-07-01	MATURITY	ДиректЛизинг БО 002Р-01	RU000A106GY8	BB	14.0	95.71	OFFER	250.0	7.38	246.655	287	12.9702	28.0525	28.05	2027-07-01			4	0	[]	[]	47	399619
2027-07-01	MATURITY	СберИОС 001Р-526R 5Г ТЕХ	RU000A104KL2	NR	0.01	86.5	PREV/LAST FALLBACK	1000.0	0	865.0	287	19.9221	20.331	0.0	2027-07-01			1	0	[]	[]	0	0
2027-07-02	MATURITY	СберИОС 001Р-628R СБЕР ББК 3Г	RU000A108QJ4	NR	0.01	112.5	PREV/LAST FALLBACK	1000.0	0	1125.0	288	-14.048	-13.8339	0.0	2027-07-02			1	0	[]	[]	0	0
2027-07-02	MATURITY	СберИОС 001Р-725R X5 КС	RU000A10BNQ5	NR	0.01	95.96	OFFER	1000.0	0	959.6	288	5.3621	5.3921	0.0	2027-07-02			1	0	[]	[]	0	0
2027-07-04	MATURITY	ТАЛКлизинг001P-02	RU000A1090A1	NR	18.25	103.54	OFFER	400.0	2.0	416.16	290	5.093	10.0918	10.77	2027-07-04			10	0	[]	[]	2	826
2027-07-06	MATURITY	Банк ВТБ (ПАО) Б-1-397	RU000A10EVW0	NR	0.01	86.1	PREV/LAST FALLBACK	1000.0	0	861.0	292	20.1916	20.5848	0.0	2027-07-06			1	0	[]	["2027-07-06"]	0	0
2027-07-06	MATURITY	НоваБев Групп 002P БО-П05	RU000A104Y15	AA-	10.85	97.68	OFFER	750.0	16.05	748.65	292	11.5174	15.3102	15.27	2027-07-06			2	0	[]	[]	260	4079606
2027-07-07	MATURITY	СберИОС 001Р-809R 1Y USDRUB	RU000A10FJD2	NR	0.01	103.2	PREV/LAST FALLBACK	1000.0	0	1032.0	293	-3.8507	-3.8359	0.0	2027-07-07			1	0	[]	[]	0	0
2027-07-09	PUT	СИБУР Холдинг БО-03	RU000A103DS4	AAA	15.5	101.9	OFFER	1000.0	30.58	1049.58	295	12.3778	13.1324	13.29	2031-07-01	2027-07-09	100.0	0	0	[]	[]	16	74332
2027-07-10	MATURITY	Элемент Лизинг БО 001P-09	RU000A1092S9	A	18.5	101.62	OFFER	279.8	0.57	284.9028	296	7.9973	15.6965	15.78	2027-07-10			10	0	[]	[]	26	87484
2027-07-12	MATURITY	Аэрофьюэлз 002Р-05	RU000A10C2E9	A	19.75	101.34	OFFER	1000.0	35.71	1049.11	298	17.2614	19.1629	19.16	2027-07-12			1	0	[]	[]	577	10423580
2027-07-14	MATURITY	МФК Быстроденьги 002Р-05	RU000A107PW1	BB	22.0	101.16	OFFER	1000.0	0	1011.6	300	15.1326	21.939	22.35	2027-07-14			4	0	[]	[]	56	1247281
2027-07-14	MATURITY	ПАО НК Роснефть 001P-06	RU000A0JXXD3	NR	8.0	95.45	PREV/LAST FALLBACK	1000.0	14.03	968.53	300	13.9752	14.5027	14.5	2027-07-14			1	0	[]	[]	0	0
2027-07-14	MATURITY	ПАО НК Роснефть 001P-07	RU000A0JXXE1	NR	8.0	99.55	PREV/LAST FALLBACK	1000.0	14.03	1009.53	300	8.4664	8.7372	8.74	2027-07-14			1	0	[]	[]	0	0
2027-07-15	MATURITY	ВЭБ.РФ ПБО-002Р-33	RU000A104Z48	AAA	10.2	96.55	OFFER	1000.0	17.61	983.11	301	14.63	15.2846	15.28	2027-07-15			1	0	[]	[]	317	131915798
2027-07-15	MATURITY	Уралкуз 001Р-01	RU000A10C6M3	BBB+	20.0	98.56	OFFER	1000.0	15.89	1001.49	301	21.7161	24.2727	24.27	2027-07-15			1	0	[]	[]	238	2802865
2027-07-16	PUT	ГИДРОМАШСЕРВИС АО 001Р-04	RU000A10C5T0	A	17.0	101.42	OFFER	1000.0	0.47	1014.67	302	14.8928	16.0789	16.26	2035-07-01	2027-07-16	100.0	0	0	[]	[]	60	336583
2027-07-18	MATURITY	ЛЕГЕНДА БО 002Р-04	RU000A10C6Z5	BBB	20.25	101.55	OFFER	1000.0	14.42	1029.92	304	17.8504	19.8281	19.86	2027-07-18			1	0	[]	[]	45	500500
2027-07-19	PUT	ИКС 5 ФИНАНС 003P-07	RU000A10AHA3	AAA	13.25	99.38	OFFER	1000.0	0	993.8	305	13.8602	14.7473	14.95	2034-12-04	2027-07-19	100.0	0	0	[]	[]	212	9683787
2027-07-20	MATURITY	ТБанк ИС-1-8	RU000A10FQ58	NR	0.01	5.3	LAST	1000.0	0.02	53.02	306	2130.6807		0.0	2027-07-20			1	0	[]	[]	1	53
2027-07-21	MATURITY	ФСК Россети(ПАО)-обл. сер.22	RU000A0JSQ58	NR	10.0	98.98	OFFER	1000.0	15.62	1005.42	307	11.1511	11.5845	11.76	2027-07-21			1	0	[]	[]	0	0
2027-07-22	PUT	АФК Система БО 001P-11	RU000A100N12	A+	10.9	92.85	OFFER	1000.0	17.62	946.12	308	20.364	21.4096	21.53	2029-07-16	2027-07-22	100.0	0	0	[]	[]	2477	5934200
2027-07-22	MATURITY	Агротек БО-02	RU000A1065Y3	BB	15.0	97.62	OFFER	1000.0	23.01	999.21	308	11.1828	22.108	23.41	2027-07-22			4	0	[]	[]	33	145546
2027-07-22	MATURITY	Лизинг-Трейд 001P-05	RU000A1053H4	BB+	15.0	90.31	OFFER	1000.0	9.04	912.14	308	29.0361	31.9243	32.09	2027-07-22			1	0	[]	[]	37	263520
2027-07-22	MATURITY	СберИОС 001Р-527R 5Г ТЕХ	RU000A104JX9	NR	0.01	92.99	OFFER	1000.0	0	929.9	308	8.9973	9.0592	0.0	2027-07-22			1	0	[]	[]	0	0
2027-07-23	MATURITY	Банк ВТБ (ПАО) Б-1-406	RU000A10FEE1	NR	0.01	119.98	OFFER	1000.0	0	1199.8	309	-19.6629	-19.3523	0.0	2027-07-23			1	0	[]	["2027-07-23"]	0	0
2027-07-23	MATURITY	Томская область 2020	RU000A1024L7	NR	6.7	94.36	OFFER	200.0	1.87	190.59	309	14.0131	14.597	14.92	2027-07-23			1	0	[]	[]	36	83776
2027-07-24	MATURITY	Страна Девелопмент 002Р-02	RU000A10E6J7	BBB-	25.25	102.0	OFFER	1000.0	13.84	1033.84	310	22.141	25.1339	25.13	2027-07-24			1	0	[]	[]	201	1772264
2027-07-26	PUT	ГК Сегежа 002P-03R	RU000A104FG2	BB-	23.5	97.47	OFFER	1000.0	36.7	1011.4	312	25.7895	29.264	29.66	2037-01-07	2027-07-26	100.0	0	0	[]	[]	53	229518
2027-07-27	MATURITY	ПАО "ТГК-14" 001Р-02	RU000A106MW0	BBB	12.85	94.66	OFFER	1000.0	17.95	964.55	313	19.7803	21.2612	21.26	2027-07-27			1	0	[]	[]	120	2042384
2027-07-27	MATURITY	СберИОС 001Р-810R 1Y USDRUB	RU000A10FKC2	AAA	0.01	104.0	OFFER	1000.0	0	1040.0	313	-4.4739	-4.4595	0.0	2027-07-27			1	0	[]	[]	2	320254
2027-07-29	MATURITY	БИАНКА ПРЕМИУМ БО-01	RU000A1097X8	BB	23.0	89.85	OFFER	1000.0	9.45	907.95	315	38.2798	43.8292	43.85	2027-07-29			1	0	[]	[]	73	327687
2027-07-29	MATURITY	Байсэл 001P-01	RU000A1094U1	BB-	14.25	95.0	OFFER	1000.0	19.13	969.13	315	16.8597	24.9517	24.95	2027-07-29			3	0	[]	[]	36	132428
2027-07-29	MATURITY	Банк ВТБ (ПАО) С-1-1595	RU000A10CEG3	NR	0.01	6.0	LAST	1000.0	0	60.0	315	1815.537		0.0	2027-07-29			1	0	[]	[]	1	120
2027-07-29	MATURITY	Свердловская область 35008	RU000A101Z17	NR	6.1	93.8	OFFER	300.0	2.81	284.21	315	14.0168	14.5637	14.55	2027-07-29			1	0	[]	[]	101	297656
2027-07-30	MATURITY	ГК Самолет БО-П15	RU000A109874	A-	17.0	81.62	OFFER	1000.0	6.52	822.72	316	46.4639	52.2299	52.07	2027-07-30			1	0	[]	[]	2207	24314543
2027-07-30	PUT	ГТЛК БО 001Р-08	RU000A0ZYR91	AA-	11.32	95.38	OFFER	1000.0	15.82	969.62	316	17.0659	18.1755	18.28	2033-01-18	2027-07-30	100.0	0	0	[]	[]	19	1182938
2027-07-30	MATURITY	СберИОС 001Р-632R 3Г TW IMOEX	RU000A108WH6	NR	0.01	104.0	PREV/LAST FALLBACK	1000.0	0	1040.0	316	-4.4314	-4.4181	0.0	2027-07-30			1	0	[]	[]	0	0
2027-07-30	MATURITY	СберИОС 001Р-808R 1Г YDEXДИС	RU000A10FJE0	NR	0.01	101.15	OFFER	1000.0	0	1011.5	316	-1.3018	-1.3007	0.0	2027-07-30			1	0	[]	[]	0	0
2027-07-30	MATURITY	СберИОС 001Р-811R 1Y ОФЗ	RU000A10FN93	NR	0.01	108.44	OFFER	1000.0	0	1084.4	316	-8.9793	-8.924	0.0	2027-07-30			1	0	[]	[]	1	295740
2027-07-31	MATURITY	ГПБ (АО) БО 004Р-22	RU000A10BVN5	NR	0.01	88.19	OFFER	1000.0	0.01	881.91	317	15.4309	15.5818	15.61	2027-07-31			1	0	[]	[]	0	0
2027-07-31	MATURITY	ГПБ (АО) БО 004Р-23	RU000A10C2N0	AA+	0.01	104.39	PREV/LAST FALLBACK	1000.0	0.01	1043.91	317	-4.8322	-4.8166	-4.82	2027-07-31			1	0	[]	[]	0	0
2027-08-02	MATURITY	iКаршеринг Руссия 001P-07	RU000A10CCG7	BBB+	18.25	94.24	OFFER	1000.0	5.5	947.9	319	26.2059	28.9234	28.91	2027-08-02			1	0	[]	[]	368	2129190
2027-08-02	PUT	ГК Самолет БО-П19	RU000A10E6U4	A-	21.0	89.09	OFFER	1000.0	9.21	900.11	319	36.8324	41.7599	43.18	2029-01-18	2027-08-02	100.0	0	0	[]	[]	621	4493204
2027-08-03	MATURITY	СберИОС 001Р-733R RUGOLD КС	RU000A10BVZ9	NR	0.01	120.8	PREV/LAST FALLBACK	1000.0	0	1208.0	320	-19.621	-19.371	0.0	2027-08-03			1	0	[]	[]	0	0
2027-08-04	MATURITY	СберИОС 001Р-408R 5Г РБЧ	RU000A104Y31	NR	0.01	85.3	PREV/LAST FALLBACK	1000.0	0	853.0	321	19.6621	19.8844	0.0	2027-08-04			1	0	[]	[]	0	0
2027-08-05	MATURITY	МФК ВЭББАНКИР 05	RU000A107U65	BB	16.0	98.15	OFFER	916.7	3.21	902.9511	322	10.8099	22.1834	22.18	2027-08-05			11	0	[]	[]	10	116898
2027-08-05	MATURITY	СберИОС 001Р-812R 1Y USDRUB	RU000A10FQ74	NR	0.01	105.81	PREV/LAST FALLBACK	1000.0	0	1058.1	322	-6.2135	-6.1904	0.0	2027-08-05			1	0	[]	[]	0	0
2027-08-09	PUT	ГК Самолет БО-П06	RU000A100QA0	A-	18.75	85.51	OFFER	1000.0	22.09	877.19	326	39.5437	44.2349	47.46	2029-08-01	2027-08-09	100.0	0	0	[]	[]	145	718472
2027-08-10	MATURITY	Банк ВТБ (ПАО) Б-1-411	RU000A10FEK8	NR	0.01	90.01	PREV/LAST FALLBACK	1000.0	0	900.1	327	12.3985	12.4764	0.0	2027-08-10			1	0	[]	["2027-08-10"]	0	0
2027-08-10	PUT	Сибирское Стекло БО-03	RU000A10D2N9	BB-	24.25	95.79	OFFER	1000.0	7.97	965.87	327	29.2796	33.2495	34.04	2028-09-24	2027-08-10	100.0	0	0	[]	[]	25	294839
2027-08-11	MATURITY	РусГидро (ПАО) БО-П13	RU000A10BNF8	AAA	17.35	103.53	OFFER	1000.0	0.95	1036.25	328	12.952	13.9879	13.99	2027-08-11			1	0	[]	[]	258	2436924
2027-08-11	MATURITY	СберИОС 001Р-530R 5Г SBERRM	RU000A104KZ2	NR	0.01	91.8	PREV/LAST FALLBACK	1000.0	0	918.0	328	10.0007	10.0501	0.0	2027-08-11			1	0	[]	[]	0	0
2027-08-12	MATURITY	СибСульфур БО-01-001P	RU000A1098T4	B	25.0	94.07	OFFER	1000.0	23.97	964.67	329	26.2845	40.2707	40.15	2027-08-12			4	0	[]	[]	103	1012638
2027-08-15	MATURITY	ГПБ (АО) БО 004Р-24	RU000A10C7E8	AA+	0.01	101.71	PREV/LAST FALLBACK	1000.0	0.01	1017.11	332	-1.8386	-1.8371	-1.84	2027-08-15			1	0	[]	[]	0	0
2027-08-17	MATURITY	Банк ВТБ (ПАО) Б-1-413	RU000A10FQH8	NR	0.01	99.0	OFFER	1000.0	0	990.0	334	1.1127	1.1132	0.0	2027-08-17			1	0	[]	[]	0	0
2027-08-17	MATURITY	Магнит ПАО БО-004Р-09	RU000A10CL07	AA+	13.3	100.22	OFFER	1000.0	9.47	1011.67	334	12.9074	13.8509	14.1	2027-08-17			1	0	[]	[]	66	681813
2027-08-17	MATURITY	СМАК БО-П02	RU000A106UA9	B+	14.0	91.5	OFFER	800.0	7.98	739.98	334	22.1153	30.7592	30.76	2027-08-17			4	0	[]	[]	8	26356
2027-08-17	MATURITY	СберИОС 001Р-522R 5Г РФКРЗН	RU000A104H08	NR	0.01	85.3	PREV/LAST FALLBACK	1000.0	0	853.0	334	18.8968	19.0412	0.0	2027-08-17			1	0	[]	[]	0	0
2027-08-17	MATURITY	ЭНЕРГОНИКА 001Р-03	RU000A105492	BBB	13.0	94.29	OFFER	250.0	2.67	238.395	334	20.1721	21.5003	21.87	2027-08-17			1	0	[]	[]	44	49842
2027-08-18	MATURITY	Каршеринг Руссия 001P-03	RU000A106UW3	BBB+	13.7	86.25	OFFER	1000.0	9.38	871.88	335	32.896	35.9581	35.96	2027-08-18			1	0	[]	[]	1096	8404086
2027-08-20	MATURITY	ПРОСТАЯ ЕДА 001Р-01	RU000A1099W6	BB	23.0	99.87	OFFER	1000.0	17.01	1015.71	337	22.7822	25.2033	25.6	2027-08-20			1	0	[]	[]	36	154663
2027-08-23	PUT	МСБ-Лизинг 003P-06	RU000A10CLD5	BB+	23.0	99.1	OFFER	1000.0	15.75	1006.75	340	23.4646	26.5493	26.95	2029-08-07	2027-08-23	100.0	0	0	[]	[]	53	546317
2027-08-23	MATURITY	Сбер CIB-СО-531	RU000A0NR5X4	NR	0.01	94.14	PREV/LAST FALLBACK	1000.0	0	941.4	340	6.7167	6.7318	0.0	2027-08-23			1	0	[]	[]	0	0
2027-08-24	PUT	АПРИ БО-002Р-10	RU000A10BM56	BBB-	25.5	89.47	OFFER	1000.0	2.1	896.8	341	39.8361	45.6523	47.21	2030-04-26	2027-08-24	100.0	0	0	[]	[]	282	2548574
2027-08-24	MATURITY	Банк ВТБ (ПАО) Б-1-414	RU000A10FPD9	NR	0.01	84.01	PREV/LAST FALLBACK	1000.0	0	840.1	341	20.3832	20.5132	0.0	2027-08-24			1	0	[]	[]	0	0
2027-08-24	MATURITY	Банк ВТБ (ПАО) Б-1-416	RU000A10FPF4	NR	0.01	90.02	PREV/LAST FALLBACK	1000.0	0	900.2	341	11.8762	11.9215	0.0	2027-08-24			1	0	[]	[]	0	0
2027-08-24	MATURITY	Новые технологии 001Р-08	RU000A10CMQ5	A-	17.0	101.48	OFFER	1000.0	8.85	1023.65	341	15.0563	16.4034	16.51	2027-08-24			1	0	[]	[]	182	1374844
2027-08-26	PUT	ВЭБ.РФ об. сер. 21	RU000A0JS4Z7	AAA	19.15	107.35	OFFER	1000.0	12.07	1085.57	343	10.3329	10.8724	11.9	2032-02-17	2027-08-26	100.0	0	0	[]	[]	73	393837
2027-08-27	MATURITY	СберИОС 001Р-533R 5Г IMOEX	RU000A105179	NR	0.01	104.17	OFFER	1000.0	0	1041.7	344	-4.2373	-4.232	0.0	2027-08-27			1	0	[]	[]	0	0
2027-08-31	MATURITY	Банк ВТБ (ПАО) Б-1-417	RU000A10FPG2	NR	0.01	99.0	PREV/LAST FALLBACK	1000.0	0	990.0	348	1.0679	1.0682	0.0	2027-08-31			1	0	[]	[]	0	0
2027-09-02	MATURITY	КАМАЗ ПАО БО-П16	RU000A10CQ77	A	14.9	99.6	OFFER	1000.0	4.08	1000.08	350	15.3204	16.4833	16.51	2027-09-02			1	0	[]	[]	153	2476856
2027-09-02	MATURITY	СберИОС 001Р-639R 3Г TW IMOEX	RU000A109833	NR	0.01	111.5	PREV/LAST FALLBACK	1000.0	0	1115.0	350	-10.7466	-10.722	0.0	2027-09-02			1	0	[]	[]	0	0
2027-09-02	MATURITY	СберИОС 001Р-640R 3Y IMOEX	RU000A109841	NR	0.01	93.99	PREV/LAST FALLBACK	1000.0	0	939.9	350	6.6794	6.6884	0.0	2027-09-02			1	0	[]	[]	0	0
2027-09-02	PUT	Татнефтехим 001-P-03	RU000A10G072	BB+	20.5	100.24	OFFER	1000.0	7.3	1009.7	350	19.8821	21.8084	22.29	2031-08-09	2027-09-02	100.0	0	0	[]	[]	148	3724890
2027-09-03	PUT	АПРИ БО-002Р-09	RU000A10AZY5	BBB-	24.0	86.71	OFFER	1000.0	14.47	881.57	351	41.8977	48.4316	49.9	2030-02-06	2027-09-03	100.0	0	0	[]	[]	506	3388109
2027-09-03	MATURITY	СберИОС 001Р-813R 1Y ОФЗ	RU000A10FRG8	AAA	0.01	99.36	PREV/LAST FALLBACK	1000.0	0	993.6	351	0.6803	0.6804	0.0	2027-09-03			1	0	[]	[]	0	0
2027-09-03	MATURITY	ТЕХНО Лизинг 001P-05	RU000A103TS0	BB+	11.5	87.57	OFFER	800.0	2.27	702.83	351	26.5435	31.7245	31.5	2027-09-03			4	0	[]	[]	59	966785
2027-09-03	MATURITY	Электроаппарат БО-02	RU000A106UL6	NR	16.0	94.57	OFFER	1000.0	5.7	951.4	351	22.752	24.3747	25.03	2027-09-03			1	0	[]	[]	8	10334
2027-09-04	MATURITY	ГПБ (АО) БО 004Р-26	RU000A10CCL7	AA+	0.01	100.31	LAST	1000.0	0	1003.1	352	-0.3101	-0.3101	-0.31	2027-09-04			1	0	[]	[]	1	983038
2027-09-06	PUT	Почта России БО-002P-04	RU000A1055Y4	AA	9.25	92.98	OFFER	1000.0	3.8	933.6	354	17.5203	18.0295	18.17	2032-08-25	2027-09-06	100.0	0	0	[]	[]	1130	2002627
2027-09-06	MATURITY	СберИОС 001Р-721R  1Г ОФЗ	RU000A10CMV5	NR	0.01	124.92	LAST	1000.0	0	1249.2	354	-20.5521	-20.4839	0.0	2027-09-06			1	0	[]	[]	1	6246
2027-09-09	PUT	Кокс ПАО 001P-06	RU000A10CRB6	BBB+	20.5	97.14	OFFER	1000.0	3.37	974.77	357	23.8545	26.391	26.59	2028-08-31	2027-09-09	100.0	0	0	[]	[]	154	3190996
2027-09-10	MATURITY	Банк ВТБ (ПАО) Б-1-392	RU000A10EVR0	NR	0.01	97.89	OFFER	1000.0	0	978.9	358	2.206	2.2065	0.0	2027-09-10			1	0	[]	[]	1	1958
2027-09-10	MATURITY	Банк ВТБ (ПАО) Б-1-395	RU000A10EVU4	NR	0.01	94.0	PREV/LAST FALLBACK	1000.0	0	940.0	358	6.5165	6.5207	0.0	2027-09-10			1	0	[]	[]	0	0
2027-09-10	MATURITY	СберИОС 001Р-536R 5Г IMOEX	RU000A1054X9	NR	0.01	100.76	OFFER	1000.0	0	1007.6	358	-0.7589	-0.7588	0.0	2027-09-10			1	0	[]	[]	0	0
2027-09-12	MATURITY	Магнит ПАО БО-004Р-08	RU000A10C618	AA+	14.95	100.92	OFFER	1000.0	0	1009.2	360	13.8922	14.8776	14.88	2027-09-12			1	0	[]	[]	380	12696987
2027-09-13	PUT	МФК Быстроденьги 002Р-08	RU000A10B2M3	BB	22.0	101.44	OFFER	1000.0	7.84	1022.24	361	19.2594	21.4663	22.45	2029-02-20	2027-09-13	100.0	0	0	[]	[]	29	138614
2027-09-14	MATURITY	СЭЗ им. С.Орджоникидзе 001Р-02	RU000A102556	BBB+	10.75	92.84	OFFER	1000.0	0.59	928.99	362	19.3422	20.2032	20.26	2027-09-14			1	0	[]	[]	73	464474
2027-09-15	PUT	АЛЬФА-БАНК АО БО-39	RU000A0ZYWB3	AA+	18.3	103.39	OFFER	1000.0	3.01	1036.91	363	14.2151	14.8828	15.02	2033-03-17	2027-09-15	100.0	0	0	[]	[]	72	578494
2027-09-15	MATURITY	РЕГИНСПЕЦТРАНС-01	RU000A109NM3	BBB-	23.5	101.84	OFFER	1000.0	17.38	1035.78	363	20.9086	23.6742	23.99	2027-09-15			1	0	["2026-09-20"]	[]	90	628480
2027-09-15	MATURITY	Республика Казахстан 07	RU000A101RV2	NR	6.55	93.28	OFFER	1000.0	0.18	932.98	363	14.2628	14.5144	14.51	2027-09-15			1	0	[]	[]	112	6717635
2027-09-20	MATURITY	Банк ВТБ (ПАО) Б-1-359	RU000A109KL1	NR	14.0	100.95	OFFER	1000.0	11.12	1020.62	368	12.7948	13.7919	13.79	2027-09-20			1	0	[]	[]	34	1324596
2027-09-20	MATURITY	Республика Башкортостан 34016	RU000A10CSP4	NR	14.0	101.33	OFFER	1000.0	8.44	1021.74	368	11.9683	13.2952	14.12	2027-09-20			2	0	[]	[]	4	4042
2027-09-21	MATURITY	АЛЬФА ДОН ТРАНС 001Р-01	RU000A106Y70	CC	18.0	62.1	OFFER	600.0	25.45	398.05	369	72.4903	207.0413	219.21	2027-09-21			5	0	[]	[]	95	311090
2027-09-21	PUT	ИКС 5 ФИНАНС 003P-13	RU000A10C5Y0	AAA	14.1	100.49	OFFER	1000.0	10.04	1014.94	369	13.2282	14.257	14.45	2035-07-06	2027-09-21	100.0	0	0	[]	[]	25	111435
2027-09-22	MATURITY	Медскан 001Р-01	RU000A10BYZ3	A	18.5	103.09	OFFER	1000.0	10.14	1041.04	370	14.8479	16.301	16.29	2027-09-22			1	0	[]	[]	137	3703823
2027-09-23	MATURITY	А Спэйс 001Р-01	RU000A1089A3	BB+	17.0	98.85	OFFER	722.5	6.39	720.5812	371	9.9216	21.1765	21.3	2027-09-23			13	0	[]	[]	27	156306
2027-09-23	MATURITY	Самокат БО-02	RU000A109R50	B	23.0	57.98	OFFER	1000.0	11.97	591.77	371	91.5082	287.482	287.79	2027-09-23			12	0	[]	[]	40	90323
2027-09-24	MATURITY	СберИОС 001Р-799R 5К ОФЗ ДИС	RU000A10F843	NR	0.01	104.99	OFFER	1000.0	0	1049.9	372	-4.6522	-4.6543	0.0	2027-09-24			1	0	[]	[]	0	0
2027-09-25	MATURITY	ГПБ (АО) БО 004Р-52	RU000A10ELA7	NR	0.01	87.98	OFFER	1000.0	0.05	879.85	373	13.3795	13.3619	13.36	2027-09-25			1	0	[]	[]	3	4399
2027-09-25	MATURITY	Селигдар 001Р-03	RU000A10B933	A+	23.25	106.48	OFFER	1000.0	10.83	1075.63	373	15.7204	17.5998	17.68	2027-09-25			1	0	[]	[]	949	15657184
2027-09-27	PUT	Ростелеком ПАО 001P-05R	RU000A100881	AAA	14.0	99.74	OFFER	1000.0	67.51	1064.91	375	13.2092	14.5968	14.79	2029-03-21	2027-09-27	100.0	0	0	[]	[]	29	630356
2027-09-27	MATURITY	ЭЛЕКТРОРЕШЕНИЯ 001Р-02	RU000A10D1J9	BBB	22.5	100.13	OFFER	1000.0	9.25	1010.55	375	22.1356	24.7891	24.79	2027-09-27			1	0	[]	[]	162	2073105
2027-09-28	MATURITY	Сибирское Стекло БО-П04	RU000A107209	BB-	21.5	96.7	OFFER	1000.0	8.25	975.25	376	24.4495	28.4543	28.47	2027-09-28			2	0	[]	[]	73	254019
2027-09-29	PUT	РЕСО-Лизинг ООО БО-П-26	RU000A108UR9	AA-	18.5	102.97	OFFER	1000.0	42.07	1071.77	377	14.3477	15.9825	16.24	2034-06-16	2027-09-29	100.0	0	0	[]	[]	20	236698
2027-09-29	MATURITY	Ростелеком ПАО 001P-17R	RU000A10BSL5	AAA	16.5	102.8	OFFER	1000.0	5.88	1033.88	377	13.3349	14.4537	14.45	2027-09-29			1	0	[]	[]	157	4356406
2027-09-30	MATURITY	ПАО НК Роснефть 001P-08	RU000A0ZYCP5	NR	8.0	100.06	PREV/LAST FALLBACK	1000.0	36.82	1037.42	378	7.6557	8.0908	6.89	2027-09-30			1	2	[]	["2026-10-06"]	0	0
2027-09-30	MATURITY	Парк Сказка БО-П01	RU000A109PK2	B+	24.0	93.69	OFFER	1000.0	50.63	987.53	378	30.4751	35.2182	336.73	2027-09-30			1	0	["2026-10-06"]	[]	129	1864614
2027-10-01	MATURITY	Инвестиционные облигации 07	RU000A108TD1	NR	0.01	81.0	PREV/LAST FALLBACK	1000.0	0.1	810.1	379	22.5994	22.5112	22.51	2027-10-01			1	0	[]	[]	0	0
2027-10-01	MATURITY	Инвестиционные облигации 08	RU000A108TE9	NR	0.01	88.0	OFFER	1000.0	0.1	880.1	379	13.1421	13.1119	22.51	2027-10-01			1	0	[]	[]	0	0
2027-10-04	MATURITY	Аэрофьюэлз002Р-06	RU000A10CZC7	A	18.25	100.47	OFFER	1000.0	36.5	1041.2	382	17.0965	18.9468	18.97	2027-10-04			1	0	[]	[]	113	3061785
2027-10-04	PUT	Межд.Банк Эк.Сотруд. 001P-01	RU000A100VX2	AAA	14.5	99.66	OFFER	1000.0	67.14	1063.74	382	13.7575	15.2063	15.62	2029-09-26	2027-10-04	100.0	0	0	[]	[]	10	36839
2027-10-06	MATURITY	ОФЗ-ПД 26232 06/10/27	RU000A1014N4	NR	6.0	93.525	OFFER	1000.0	26.63	961.88	384	12.637	13.17	13.2	2027-10-06			1	0	[]	[]	2864	194878058
2027-10-08	MATURITY	Автоассистанс 001-01	RU000A109UE5	NR	23.0	95.19	OFFER	1000.0	2.52	954.42	386	28.8587	32.2909	54.68	2027-10-08			1	0	[]	["2026-12-11"]	0	0
2027-10-12	MATURITY	Байсэл 001P-02	RU000A109SM2	BB-	15.0	95.3	OFFER	1000.0	26.71	979.71	390	16.5865	22.9862	23.07	2027-10-12			3	0	[]	[]	6	64751
2027-10-12	MATURITY	ВИС ФИНАНС БО-П01	RU000A102952	A+	10.0	94.45	OFFER	1000.0	17.81	962.31	390	15.7884	16.6867	16.77	2027-10-12			1	0	[]	[]	55	334861
2027-10-14	PUT	АйДи Коллект 001P-06	RU000A10D4V8	BBB-	22.5	101.3	OFFER	1000.0	0.62	1013.62	392	20.8295	23.1217	23.68	2029-09-30	2027-10-14	100.0	0	0	[]	[]	292	5371873
2027-10-14	PUT	РЖД БО 001Р-06R	RU000A0ZZ4P9	AAA	18.5	104.19	OFFER	1000.0	79.58	1121.48	392	12.8915	14.4852	14.62	2033-04-04	2027-10-14	100.0	0	0	[]	[]	24	59497
2027-10-14	MATURITY	ТрансФин-М ПАО 001P-04	RU000A0ZYEB1	A	18.0	98.94	OFFER	1000.0	75.95	1065.35	392	17.8213	19.9915	20.9	2027-10-14			1	1	["2027-04-20"]	[]	53	672585
2027-10-15	MATURITY	ООО АСВ БО-03-001P	RU000A109TF4	NR	25.75	101.87	OFFER	1000.0	43.74	1062.44	393	22.6025	25.8801	25.84	2027-10-15			1	0	[]	[]	8	20321
2027-10-17	MATURITY	Минфин Амурской обл. 31002	RU000A10D4D6	NR	16.75	102.74	OFFER	1000.0	28.45	1055.85	395	13.4663	14.7103	14.71	2027-10-17			1	0	[]	[]	61	437229
2027-10-21	MATURITY	Уралкуз 001Р-03	RU000A10DBV6	BBB+	20.0	98.11	OFFER	1000.0	11.51	992.61	399	21.8926	24.3127	24.43	2027-10-21			1	0	[]	[]	310	3028397
2027-10-22	MATURITY	МКАО Воксис 001Р-01	RU000A10DCE0	BBB+	21.0	102.31	OFFER	1000.0	11.51	1034.61	400	18.2595	20.3317	20.69	2027-10-22			1	0	[]	[]	57	609008
2027-10-22	MATURITY	Ростелеком ПАО 001P-19R	RU000A10CMD3	AAA	13.3	99.58	OFFER	1000.0	7.29	1003.09	400	13.639	14.608	14.83	2027-10-22			1	0	[]	[]	49	548684
2027-10-26	MATURITY	ХК Новотранс 001P-03	RU000A105CM4	AA-	11.7	97.65	OFFER	625.0	10.22	620.5325	404	8.613	16.8361	16.84	2027-10-26			5	0	[]	[]	145	697689
2027-10-31	MATURITY	Ультра БО-02	RU000A1078K5	NR	18.75	89.84	OFFER	1000.0	5.65	904.05	409	30.7681	33.8419	38.08	2027-10-31			1	0	[]	[]	18	169978
2027-11-02	MATURITY	Новые технологии БO-01	RU000A105DL4	A-	17.5	101.95	OFFER	1000.0	64.73	1084.23	411	14.5429	16.085	16.03	2027-11-02			1	0	[]	[]	29	154730
2027-11-03	MATURITY	ТрансФин-М ПАО 001P-05	RU000A0ZYFS2	NR	17.5	124.97	OFFER	1000.0	64.25	1313.95	412	-3.5175	-3.8689	-16.49	2027-11-03			1	1	[]	["2027-05-11"]	0	0
2027-11-09	MATURITY	Ростелеком ПАО 001P-03R	RU000A0ZYG52	NR	13.8	100.1	OFFER	1000.0	48.39	1049.39	418	13.0674	14.1243	14.11	2027-11-09			1	0	[]	[]	10	39990
2027-11-10	PUT	ГТЛК БО 002P-04	RU000A10A3Z4	AA-	25.0	109.98	OFFER	1000.0	4.11	1103.91	419	14.5033	16.305	16.78	2029-10-25	2027-11-10	100.0	0	0	[]	[]	666	17461989
2027-11-11	PUT	Динтег БО-01	RU000A10DDG3	B-	28.0	99.43	OFFER	1000.0	7.67	1001.97	420	27.7696	31.9021	32.63	2028-10-26	2027-11-11	100.0	0	0	[]	[]	122	1156406
2027-11-11	MATURITY	Урожай БО-04	RU000A108FE8	CCC	20.0	56.46	OFFER	1000.0	19.18	583.78	420	99.073	110.3744	111.51	2027-11-11			1	0	[]	[]	119	258802
2027-11-11	MATURITY	Эталон-Финанс 002Р-04	RU000A10DA74	BBB+	20.0	96.77	OFFER	1000.0	0	967.7	420	23.5703	25.8706	25.87	2027-11-11			1	0	[]	[]	3235	62770195
2027-11-16	MATURITY	ИСТРИНСКАЯ СЫРОВАРНЯ БО-03	RU000A107C00	NR	17.5	98.45	OFFER	1000.0	11.99	996.49	425	18.8966	28.9519	23.72	2027-11-16			5	13	["2026-10-22"]	[]	19	634834
2027-11-18	MATURITY	Эфферон 01	RU000A105H98	NR	12.5	84.17	OFFER	750.0	7.19	638.465	427	30.577	32.1884	32.19	2027-11-18			1	0	[]	[]	13	11337
2027-11-19	PUT	ИКС 5 ФИНАНС 003P-06	RU000A109KC0	AAA	14.4	100.46	OFFER	1000.0	9.86	1014.46	428	13.7143	14.8045	14.91	2035-11-04	2027-11-19	100.0	0	0	[]	[]	38	418835
2027-11-19	MATURITY	ЛК Роделен БО 001Р-03	RU000A105M59	BBB	19.0	98.15	OFFER	418.3	4.79	415.3515	428	11.3971	24.8342	24.86	2027-11-19			15	0	[]	[]	51	135360
2027-11-21	MATURITY	реСтор 001Р-02	RU000A10DMN0	A-	18.85	102.19	OFFER	1000.0	10.33	1032.23	430	16.4565	18.1369	18.2	2027-11-21			1	0	[]	[]	94	3086112
2027-11-22	MATURITY	Виллина 001P-01	RU000A10A505	B-	28.0	77.0	OFFER	850.0	15.65	670.15	431	46.9868	95.2358	95.24	2027-11-22			5	0	[]	[]	26	187822
2027-11-22	MATURITY	КАМАЗ ПАО БО-П18	RU000A10DP93	A	16.5	100.54	OFFER	1000.0	8.59	1013.99	431	15.8192	17.2184	17.22	2027-11-22			1	0	[]	[]	127	1894132
2027-11-22	MATURITY	Левенгук ПАО БО-01	RU000A0ZYHW0	NR	14.5	83.5	OFFER	1000.0	9.53	844.53	431	33.7151	35.7641	37.96	2027-11-22			1	0	[]	[]	42	186927
2027-11-23	PUT	Славнефть БО 001Р-03	RU000A1013U1	AA	15.95	101.98	OFFER	1000.0	12.24	1032.04	432	13.6564	14.6692	15.39	2029-11-15	2027-11-23	100.0	0	0	[]	[]	18	8442076
2027-11-24	MATURITY	ПАО НК Роснефть 002P-01	RU000A0ZYJH7	NR	8.0	104.6	PREV/LAST FALLBACK	1000.0	24.77	1070.77	433	3.8497	4.0231	-13.02	2027-11-24			1	2	[]	["2026-11-30"]	0	0
2027-11-24	MATURITY	ПАО НК Роснефть 002P-02	RU000A0ZYJJ3	NR	8.0	104.6	PREV/LAST FALLBACK	1000.0	24.77	1070.77	433	3.8497	4.0231	-13.02	2027-11-24			1	2	[]	["2026-11-30"]	0	0
2027-11-25	MATURITY	СелоЗеленое 001Р-02	RU000A10DQ68	A	17.25	100.9	OFFER	1000.0	7.56	1016.56	434	16.2269	17.7065	17.72	2027-11-25			1	0	[]	[]	2625	9459954
2027-11-25	MATURITY	Совкомбанк ПАО обл. БО-05	RU000A0ZYJR6	NR	13.0	100.11	OFFER	1000.0	39.89	1040.99	434	12.3988	13.2664	14.32	2027-11-25			1	0	[]	[]	25	96794
2027-11-27	MATURITY	Новосибирск  мун.обл. 2017	RU000A0ZYH93	NR	7.85	94.1	PREV/LAST FALLBACK	50.0	0.49	47.54	436	13.4713	13.9805	13.98	2027-11-27			1	0	[]	[]	0	0
2027-11-30	MATURITY	ВЗВТ-01	RU000A10A7A8	CC	30.0	47.98	OFFER	1000.0	13.15	492.95	439	129.6749	273.9627	288.38	2027-11-30			4	0	["2026-12-01"]	[]	1007	1521741
2027-11-30	MATURITY	Восточная Стивидор.Ком 1P-03R	RU000A105KR6	AA-	11.25	95.48	OFFER	1000.0	32.98	987.78	439	15.1947	16.064	16.07	2027-11-30			1	0	[]	[]	46	2271060
2027-11-30	MATURITY	МЭФ Московской области 35016	RU000A102G35	NR	5.95	94.84	OFFER	150.0	0.39	142.65	439	8.1774	14.5953	14.6	2027-11-30			2	0	[]	[]	50	160197
2027-11-30	MATURITY	Минфин Челябинской обл 35001	RU000A102FV5	NR	6.0	91.49	OFFER	200.0	0.53	183.51	439	14.2446	14.5207	14.52	2027-11-30			1	0	[]	[]	13	56205
2027-11-30	MATURITY	СберИОС 001Р-814R 5К ОФЗ ДИС	RU000A10FRP9	NR	0.01	98.63	PREV/LAST FALLBACK	1000.0	0	986.3	439	1.165	1.1636	0.0	2027-11-30			1	0	[]	[]	0	0
2027-11-30	MATURITY	Транс-Миссия БО-02	RU000A107FG5	B+	30.0	106.72	OFFER	950.0	8.59	1022.43	439	19.6744	25.3662	25.57	2027-11-30			5	0	[]	[]	159	1222978
2027-12-02	MATURITY	Оренбургская область 35004 об.	RU000A0ZYKH5	NR	8.18	95.92	OFFER	400.0	1.26	384.94	441	9.5981	13.928	13.93	2027-12-02			3	0	[]	[]	9	4214
2027-12-05	MATURITY	СЕЛЛ-Сервис БО-01	RU000A107GT6	BB	24.0	93.8	OFFER	925.0	3.65	871.3	444	30.7517	41.9758	54.93	2027-12-05			5	11	["2027-01-19"]	[]	81	294342
2027-12-06	MATURITY	ЭЛТЕРА БО-01	RU000A10DTB0	BBB	21.0	103.99	OFFER	1000.0	2.88	1042.78	445	16.9995	18.7931	18.93	2027-12-06			1	0	[]	[]	51	300289
2027-12-07	MATURITY	ПИР БО-05-001P	RU000A10DTP0	BB	27.0	86.65	OFFER	1000.0	2.96	869.46	446	34.2194	57.9762	58.39	2027-12-07			4	0	[]	[]	160	854807
2027-12-09	MATURITY	ВЭБ.РФ ПБО-002Р-44	RU000A107XD5	NR	15.2	103.3	OFFER	1000.0	40.81	1073.81	448	11.6511	12.546	12.55	2027-12-09			1	0	[]	["2027-12-09"]	7	84834
2027-12-09	MATURITY	ПАО НК Роснефть 002P-03	RU000A0ZYLG5	AAA	14.95	100.94	OFFER	1000.0	40.14	1049.54	448	13.5157	14.5274	14.73	2027-12-09			1	0	[]	[]	54	3005706
2027-12-10	MATURITY	СберИОС 001Р-659R 3Y1M ОФЗ	RU000A109YH0	NR	0.01	112.0	OFFER	1000.0	0	1120.0	449	-8.6946	-8.7862	0.0	2027-12-10			1	0	[]	[]	0	0
2027-12-10	MATURITY	Синара Транспортные Машины 1P3	RU000A105M91	A	18.5	103.1	OFFER	1000.0	3.04	1034.04	449	15.4527	16.6208	16.76	2027-12-10			1	0	[]	[]	490	1506901
2027-12-11	MATURITY	Кокс ПАО 001P-01	RU000A10AHD7	NR	19.75	98.24	OFFER	1000.0	0	982.4	450	21.5534	23.6113	23.61	2027-12-11			1	0	[]	[]	99	780597
2027-12-12	MATURITY	Томская область 34072	RU000A10AC75	NR	26.0	106.24	OFFER	750.0	15.49	812.29	451	7.6289	16.4364	16.44	2027-12-12			3	0	[]	[]	433	5934184
2027-12-13	MATURITY	ДОМ.РФ (ПАО) БО 001P-01R	RU000A0ZYLU6	AAA	14.0	101.86	OFFER	1000.0	1.15	1019.75	452	12.2557	12.9403	0.0	2027-12-13			1	4	[]	[]	3	7090
2027-12-14	MATURITY	Республика Башкортостан 34014	RU000A10AC91	NR	23.75	107.87	OFFER	750.0	4.39	813.415	453	8.7432	14.3876	14.39	2027-12-14			3	0	[]	[]	88	928618
2027-12-14	MATURITY	Ставропольский край 35004	RU000A102H34	NR	6.2	91.33	OFFER	100.0	0.15	91.48	453	14.4272	14.6832	14.71	2027-12-14			1	0	[]	[]	156	426830
2027-12-16	MATURITY	А101 БО-001Р-02	RU000A10DZU7	A+	17.0	101.15	OFFER	1000.0	11.64	1023.14	455	15.7109	17.1969	17.25	2027-12-16			1	0	[]	[]	298	8219349
2027-12-16	MATURITY	Вертолеты России об. БО-03	RU000A0ZYMN9	NR	8.8	100.0	PREV/LAST FALLBACK	1000.0	21.94	1021.94	455	8.6112	8.9731	8.97	2027-12-16			1	0	[]	[]	0	0
2027-12-16	MATURITY	Вертолеты России об. БО-04	RU000A0ZYMM1	NR	8.8	162.99	OFFER	1000.0	21.94	1651.84	455	-25.2629	-27.1286	-26.57	2027-12-16			1	0	[]	[]	0	0
2027-12-16	MATURITY	Полипласт АО П02-БО-13	RU000A10DZK8	A	19.45	102.11	OFFER	1000.0	13.32	1034.42	455	17.1712	19.0428	19.04	2027-12-16			1	0	[]	[]	2258	14868907
2027-12-17	MATURITY	АПРИ БО-002Р-04	RU000A107FZ5	BBB-	24.0	95.99	OFFER	1000.0	59.18	1019.08	456	19.652	32.8321	32.97	2027-12-17			4	0	[]	[]	133	731892
2027-12-17	MATURITY	Магаданская область ГО2022	RU000A105NT6	NR	10.61	97.98	OFFER	700.0	18.31	704.17	456	7.6444	14.4555	14.46	2027-12-17			2	0	[]	[]	20	67784
2027-12-17	PUT	Почта России БО-002P-02	RU000A104W17	AA	17.5	100.54	OFFER	1000.0	44.59	1049.99	456	16.1454	17.5271	17.64	2032-06-08	2027-12-17	100.0	0	0	[]	[]	56	520497
2027-12-17	MATURITY	Фордевинд 06	RU000A108WV7	NR	19.0	103.4	OFFER	1000.0	12.49	1046.49	456	15.5583	20.4299	15.26	2027-12-17			6	6	[]	["2027-06-23"]	0	0
2027-12-20	MATURITY	Банк ВТБ (ПАО) С-1-1395	RU000A10A950	NR	0.01	84.89	OFFER	1000.0	0	848.9	459	14.1824	13.9403	0.0	2027-12-20			1	0	[]	[]	0	0
2027-12-21	PUT	ГК Азот 001Р-01	RU000A10E291	A+	17.4	102.77	OFFER	1000.0	10.49	1038.19	460	14.5681	15.9663	16.37	2030-12-03	2027-12-21	100.0	0	0	[]	[]	174	3937480
2027-12-22	PUT	Славнефть БО 002Р-04	RU000A104WF9	AA	18.0	103.0	OFFER	1000.0	44.38	1074.38	461	14.363	16.0547	16.25	2032-06-11	2027-12-22	100.0	0	0	[]	[]	86	3672809
2027-12-22	PUT	Совком Экспресс 001P-01	RU000A10E2B3	A+	19.5	104.12	OFFER	1000.0	11.75	1052.95	461	15.3043	16.961	17.08	2029-12-08	2027-12-22	100.0	0	0	[]	[]	41	498655
2027-12-24	MATURITY	Лизинг-Трейд 001P-06	RU000A105RF6	BB+	14.5	92.04	OFFER	667.2	4.51	618.6009	463	14.8248	32.371	33.1	2027-12-24			16	0	[]	[]	64	664163
2027-12-27	MATURITY	Банк ВТБ (ПАО) С-1-1396	RU000A10A968	NR	0.01	89.27	OFFER	1000.0	0	892.7	466	9.4409	9.3232	0.0	2027-12-27			1	0	[]	[]	0	0
2028-01-08	MATURITY	Селигдар 001Р-04	RU000A10C5L7	A+	19.0	103.35	OFFER	1000.0	1.04	1034.54	478	15.8973	17.4012	17.4	2028-01-08			1	0	[]	[]	1927	31776328
2028-01-12	PUT	"Российские ЖД" ОАО 32 обл.	RU000A0JSGV0	AAA	14.2	98.69	OFFER	1000.0	29.57	1016.47	482	14.5989	15.5162	15.91	2032-06-25	2028-01-12	100.0	0	0	[]	[]	4	19730
2028-01-12	MATURITY	БЭЛТИ-ГРАНД ООО БО-П07	RU000A10AQD8	NR	25.0	101.2	OFFER	567.1	10.88	584.7852	482	11.3106	25.5621	25.56	2028-01-12			17	0	[]	[]	12	70564
2028-01-12	PUT	Ростелеком ПАО 001P-28R	RU000A10FNL7	AAA	14.45	100.76	OFFER	1000.0	1.58	1009.18	482	13.5742	14.5464	14.73	2031-06-19	2028-01-12	100.0	0	0	[]	[]	55	780663
2028-01-13	PUT	Мобильные ТелеСистемы 002P-10	RU000A10BGY3	AAA	13.25	98.67	OFFER	1000.0	0	986.7	483	14.3633	15.2581	15.36	2030-03-30	2028-01-13	100.0	0	0	[]	[]	142	1424616
2028-01-14	MATURITY	Ростелеком ПАО 001P-24R	RU000A10EN60	AAA	13.9	100.1	OFFER	1000.0	9.9	1010.9	484	13.6697	14.7204	14.77	2028-01-14			1	0	[]	[]	39	344830
2028-01-17	MATURITY	МегаФон ПАО БО-002Р-13	RU000A10F827	AAA	13.3	99.4	OFFER	1000.0	8.38	1002.38	487	13.7152	14.6995	14.71	2028-01-17			1	0	[]	[]	78	1929947
2028-01-18	PUT	Мобильные ТелеСистемы 002P-12	RU000A10BW62	AAA	13.25	98.45	OFFER	1000.0	9.8	994.3	488	14.355	15.399	15.56	2030-06-01	2028-01-18	100.0	0	0	[]	[]	94	1162552
2028-01-19	MATURITY	ВУШ БО 001P-05	RU000A10E6D0	BBB+	22.0	99.49	OFFER	1000.0	12.66	1007.56	489	22.2098	24.8993	24.9	2028-01-19			1	0	[]	[]	253	3183846
2028-01-19	MATURITY	ОФЗ-ПД 26212 19/01/28	RU000A0JTK38	NR	7.05	92.297	OFFER	1000.0	11.01	933.98	489	13.7036	13.9623	14.01	2028-01-19			1	0	[]	[]	1130	75483355
2028-01-19	MATURITY	Сбер CIB-СО-787	RU000A107ZY6	NR	0.01	140.31	PREV/LAST FALLBACK	1000.0	0	1403.1	489	-21.4276	-22.3198	0.0	2028-01-19			1	0	[]	[]	0	0
2028-01-21	MATURITY	ДОМ.РФ (ПАО) БО 001P-02R	RU000A0ZYQU5	NR	14.3	100.49	OFFER	1000.0	21.55	1026.45	491	13.5762	14.3265	13.16	2028-01-21			1	2	[]	["2027-01-27"]	5	8020
2028-01-22	MATURITY	Биннофарм Групп 001Р-04	RU000A10AS28	A-	19.0	101.07	OFFER	1000.0	9.37	1020.07	492	17.8524	19.6839	19.75	2028-01-22			1	0	[]	[]	343	6447341
2028-01-23	MATURITY	ЛК Роделен БО 002P-02	RU000A107SA1	BBB	16.0	92.12	OFFER	850.0	6.33	789.35	493	14.8251	32.5953	32.6	2028-01-23			17	0	[]	[]	114	697748
2028-01-24	MATURITY	Сбер CIB-СО-783	RU000A107ZU4	NR	0.01	96.0	PREV/LAST FALLBACK	1000.0	0	960.0	494	3.1025	3.0858	0.0	2028-01-24			1	0	[]	[]	0	0
2028-01-24	MATURITY	Сбер CIB-СО-784	RU000A107ZV2	NR	0.01	95.92	PREV/LAST FALLBACK	1000.0	0	959.2	494	3.1667	3.1493	0.0	2028-01-24			1	0	[]	[]	0	0
2028-01-24	MATURITY	Сбер CIB-СО-786	RU000A107ZX8	NR	0.01	120.4	PREV/LAST FALLBACK	1000.0	0	1204.0	494	-12.5	-12.7978	0.0	2028-01-24			1	0	[]	[]	0	0
2028-01-24	MATURITY	СберИОС 001Р-664R 3Y1M ОФЗ	RU000A10A6X2	NR	0.01	101.56	OFFER	1000.0	0	1015.6	494	-1.1196	-1.122	0.0	2028-01-24			1	0	[]	[]	1	281607
2028-01-24	MATURITY	Сибирский КХП 001P-02	RU000A107P62	BB	16.0	79.82	OFFER	1000.0	22.79	820.99	494	36.3039	38.7964	38.85	2028-01-24			1	0	[]	[]	36	133829
2028-01-25	MATURITY	ГК Сегежа 003P-06R	RU000A10CB66	BB-	23.5	98.02	OFFER	1000.0	9.66	989.86	495	25.2217	28.38	28.37	2028-01-25			1	0	[]	[]	619	19499003
2028-01-25	MATURITY	МГКЛ 001Р-04	RU000A106MV2	BB	16.0	72.19	OFFER	1000.0	22.36	744.26	495	49.0499	52.2396	52.86	2028-01-25			1	0	[]	[]	152	1162598
2028-01-27	MATURITY	реСтор 001Р-03	RU000A10E7K3	A-	18.75	101.24	OFFER	1000.0	6.68	1019.08	497	17.504	19.2285	19.41	2028-01-27			1	0	[]	[]	178	4646363
2028-01-31	MATURITY	Банк ВТБ (ПАО) С-1-1348	RU000A10A216	NR	0.01	81.3	PREV/LAST FALLBACK	1000.0	0	813.0	501	16.7843	16.3048	0.0	2028-01-31			1	0	[]	[]	0	0
2028-01-31	PUT	СЕРГИЕВСКОЕ БО-02	RU000A10E5Y8	BB-	25.0	94.11	OFFER	1000.0	36.3	977.4	501	29.252	33.2642	34.3	2035-12-06	2028-01-31	100.0	0	0	[]	[]	97	296256
2028-02-02	MATURITY	ОФЗ-ИН 52002 02/02/28	RU000A0ZYZ26	NR	2.5	92.513	OFFER	1764.99	5.2	1638.0452	503	8.5832	8.5714	8.54	2028-02-02			1	0	[]	[]	145	32375250
2028-02-03	MATURITY	МФК Быстроденьги 002Р-07	RU000A1099P0	BB	19.0	100.0	OFFER	1000.0	3.12	1003.12	504	16.2382	20.7498	20.75	2028-02-03			4	0	[]	[]	18	291006
2028-02-04	MATURITY	Сбер CIB-СО-791	RU000A108025	NR	0.01	90.23	PREV/LAST FALLBACK	1000.0	0	902.3	505	7.8509	7.7379	0.0	2028-02-04			1	0	[]	[]	0	0
2028-02-08	PUT	"Российские ЖД" БО-001P-04R	RU000A0JXZB2	AAA	14.5	99.84	OFFER	1000.0	16.68	1015.08	509	14.2574	14.9901	15.12	2032-07-29	2028-02-08	100.0	0	0	[]	[]	14	65755
2028-02-09	MATURITY	Лизинг-Трейд 001P-07	RU000A105WZ4	BB+	14.5	91.79	OFFER	750.4	0	688.7922	510	14.3168	28.2861	30.94	2028-02-09			17	0	[]	[]	47	74297
2028-02-10	MATURITY	МФК Мани Мен БО-01	RU000A10AYU6	BBB-	26.5	109.79	OFFER	1000.0	21.05	1118.95	511	17.4328	20.1641	20.71	2028-02-10			1	0	[]	[]	66	798021
2028-02-11	MATURITY	Полюс ПБО-03	RU000A105VC5	AAA	10.4	95.39	OFFER	1000.0	9.69	963.59	512	14.204	14.6148	14.71	2028-02-11			1	0	[]	[]	252	1174553
2028-02-12	MATURITY	КЛВЗ КРИСТАЛЛ 001P-02	RU000A10AZG2	BB-	28.0	94.25	OFFER	1000.0	20.71	963.21	513	25.6646	40.8695	40.84	2028-02-12			4	0	[]	[]	285	2049521
2028-02-13	MATURITY	Балтийский лизинг ООО БО-П15	RU000A10ATW2	AA-	23.7	94.98	OFFER	750.0	12.66	725.01	514	17.4686	36.0155	36.26	2028-02-13			6	0	[]	[]	1139	16017415
2028-02-13	MATURITY	ЕвразХолдинг Финанс 003P-04	RU000A10CKZ0	AA-	13.9	97.7	OFFER	1000.0	9.9	986.9	514	15.7335	16.9106	16.91	2028-02-13			1	0	[]	[]	1270	264309996
2028-02-13	MATURITY	Органик парк БО-П01	RU000A10AZN8	BB	29.5	100.01	OFFER	1000.0	21.01	1021.11	514	28.8877	33.8316	33.84	2028-02-13			1	0	["2027-02-18"]	[]	109	749507
2028-02-14	MATURITY	АО Авто Финанс Банк БО-001Р-16	RU000A10D9K0	AA	16.65	101.97	OFFER	1000.0	11.4	1031.1	515	14.7879	16.1737	16.23	2028-02-14			1	0	[]	[]	191	2364816
2028-02-14	MATURITY	Вымпел-Коммуникации 001Р-06	RU000A105TY3	AA	10.55	94.6	OFFER	1000.0	8.96	954.96	515	15.0541	15.7014	15.7	2028-02-14			1	0	["2028-02-14"]	[]	43	320867
2028-02-15	PUT	ГК Сегежа 002P-05R	RU000A1053P7	BB-	25.0	95.35	OFFER	1000.0	23.97	977.47	516	28.6942	31.0178	31.27	2037-07-30	2028-02-15	100.0	0	0	[]	[]	148	4658821
2028-02-15	MATURITY	Уральская Сталь БО-001Р-05	RU000A10CLX3	BB-	18.5	88.49	OFFER	1000.0	12.16	897.06	516	29.7057	32.5249	32.52	2028-02-15			1	0	[]	[]	597	7817008
2028-02-16	PUT	ИКС 5 ФИНАНС 003P-12	RU000A10BUK3	AAA	15.55	102.0	OFFER	1000.0	11.93	1031.93	517	13.5537	14.7642	15.13	2035-06-04	2028-02-16	100.0	0	0	[]	[]	45	785967
2028-02-16	MATURITY	СберИОС 001Р-672R 3Г BSKRUS	RU000A10AND5	NR	0.01	91.8	PREV/LAST FALLBACK	1000.0	0	918.0	517	6.3201	6.2406	0.0	2028-02-16			1	0	[]	[]	0	0
2028-02-17	MATURITY	ГТЛК БО 001P-16	RU000A101GD3	AA-	6.95	92.22	OFFER	250.0	1.33	231.88	518	10.7755	17.4555	17.46	2028-02-17			2	0	[]	["2028-02-17"]	90	325715
2028-02-18	MATURITY	ПАО НК Роснефть 002P-05	RU000A0ZYVU5	AAA	9.0	93.9	OFFER	1000.0	6.66	945.66	519	14.0542	14.3396	14.34	2028-02-18			1	0	[]	[]	39	113644
2028-02-18	MATURITY	ЭкономЛизинг 001Р-08	RU000A10B081	BBB-	27.0	106.78	OFFER	1000.0	15.53	1083.33	519	20.5199	23.6588	23.72	2028-02-18			1	0	["2027-02-23"]	[]	22	110953
2028-02-19	MATURITY	ДельтаЛизинг 001P-02	RU000A10B0J3	AA-	24.0	105.37	OFFER	720.0	9.47	768.134	520	7.9314	17.1867	17.19	2028-02-19			18	0	[]	[]	279	2573743
2028-02-19	MATURITY	Кокс ПАО 001P-02	RU000A10B0R6	BBB+	19.25	96.64	OFFER	1000.0	10.55	976.95	520	22.1157	24.3795	24.4	2028-02-19			1	0	[]	[]	116	2150813
2028-02-20	MATURITY	ЭР-Телеком Холдинг ПБО-02-09	RU000A10B0Z9	A	15.5	98.84	OFFER	1000.0	8.07	996.47	521	16.3707	17.7107	17.7	2028-02-20			1	0	[]	[]	914	4148696
2028-02-21	PUT	АФК Система БО 002Р-12	RU000A10EE87	A+	17.5	99.64	OFFER	1000.0	10.55	1006.95	522	17.4914	19.1667	19.31	2031-02-01	2028-02-21	100.0	0	0	[]	[]	339	7346601
2028-02-23	MATURITY	АФК Система БО 001P-08	RU000A0ZYWU3	A+	12.0	96.03	OFFER	1000.0	7.23	967.53	524	15.262	15.7393	16.15	2028-02-23			1	0	[]	[]	34	90645
2028-02-24	PUT	Группа ЛСР ПАО БО 001Р-10	RU000A10B0B0	A	16.0	98.31	OFFER	1000.0	9.21	992.31	525	17.1226	18.5896	18.72	2030-02-07	2028-02-24	100.0	0	0	[]	[]	469	5185446
2028-02-24	MATURITY	ИЛОН 001Р-01	RU000A10EG44	BBB+	17.7	102.54	OFFER	1000.0	7.27	1032.67	525	15.4328	16.9014	16.93	2028-02-24			1	0	[]	[]	91	1028392
2028-02-25	MATURITY	СберИОС 001Р-553R 5Г SBER	RU000A105S87	NR	0.01	113.86	PREV/LAST FALLBACK	1000.0	0	1138.6	526	-8.4347	-8.6011	0.0	2028-02-25			1	0	[]	[]	0	0
2028-02-26	MATURITY	МКПАО ЯНДЕКС 001Р-02	RU000A10CMT9	AAA	13.5	99.34	OFFER	1000.0	4.81	998.21	527	13.9872	14.9483	14.97	2028-02-26			1	0	[]	[]	748	24696682
2028-02-26	MATURITY	Патриот Групп 001Р-01	RU000A10B2D2	BB+	27.0	98.77	OFFER	1000.0	9.62	997.32	527	27.9243	31.9425	32.24	2028-02-26			1	0	["2027-03-03"]	[]	107	610236
2028-02-27	MATURITY	АйДи Коллект 001P-01	RU000A10B2P6	BBB-	26.0	107.24	OFFER	1000.0	8.55	1080.95	528	19.4228	22.1632	22.32	2028-02-27			1	0	[]	[]	195	4077674
2028-02-27	MATURITY	Совкомбанк БО-И15	RU000A10E846	NR	0.01	90.5	PREV/LAST FALLBACK	1000.0	0.06	905.06	528	7.2668	7.1545	7.15	2028-02-27			1	0	[]	[]	0	0
2028-02-28	PUT	Газпром капитал ООО БО-001Р-06	RU000A106AT1	AAA	10.0	94.42	OFFER	1000.0	6.3	950.5	529	14.4515	14.9957	15.12	2028-05-23	2028-02-28	100.0	0	0	[]	[]	207	8008383
2028-02-28	MATURITY	Сбер CIB-СО-801	RU000A1080C8	NR	0.01	139.42	PREV/LAST FALLBACK	1000.0	0	1394.2	529	-19.4924	-20.4725	0.0	2028-02-28			1	0	[]	[]	0	0
2028-02-29	MATURITY	Сбер CIB-СО-274	RU000A1050V1	NR	0.01	141.36	PREV/LAST FALLBACK	1000.0	0	1413.6	530	-20.1337	-21.1917	0.0	2028-02-29			1	0	[]	[]	0	0
2028-03-02	MATURITY	РЖД ОАО ЗО28-1-Р	RU000A1089X5	AAA	6.598	88.99	OFFER	100000.0	274.92	89264.92	532	15.8578	15.8933	15.89	2028-03-02			1	0	[]	[]	20	2935420
2028-03-03	MATURITY	Брусника 002Р-05	RU000A10B313	A-	21.75	100.1	OFFER	1000.0	4.17	1005.17	533	21.5741	23.9622	23.96	2028-03-03			1	0	[]	[]	517	9809559
2028-03-04	MATURITY	НСКАТД БО-03	RU000A10B461	BBB+	26.0	103.5	OFFER	1000.0	4.27	1039.27	534	22.7161	25.7813	25.78	2028-03-04			1	0	[]	[]	644	11517904
2028-03-05	MATURITY	"Сэтл-Групп" ООО БО 002P-07	RU000A10EK06	A-	16.5	100.25	OFFER	1000.0	2.26	1004.76	535	16.2501	17.5812	17.58	2028-03-05			1	0	[]	[]	278	2978758
2028-03-05	MATURITY	Биннофарм Групп 001Р-05	RU000A10B3Q2	A-	19.0	100.69	OFFER	1000.0	2.6	1009.5	535	18.3594	20.11	20.12	2028-03-05			1	0	[]	[]	428	13416940
2028-03-05	MATURITY	ДЕВАР ПЕТРО 001Р-01	RU000A10B4L1	BB	29.5	103.08	OFFER	1000.0	4.04	1034.84	535	26.4804	30.5273	30.53	2028-03-05			1	0	["2027-03-11"]	[]	81	753732
2028-03-06	MATURITY	СберИОС 001Р-414R 7Г БТЕХ ИНД	RU000A102RA4	AAA	0.01	87.08	PREV/LAST FALLBACK	1000.0	0	870.8	536	10.1582	9.9311	0.0	2028-03-06			1	0	[]	[]	0	0
2028-03-08	MATURITY	Банк ВТБ (ПАО) Б-1-274	RU000A1043P8	NR	0.01	85.54	OFFER	1000.0	0	855.4	538	11.4781	11.1877	13.3	2028-03-08			1	0	[]	["2028-03-08"]	0	0
2028-03-09	MATURITY	БИАНКА ПРЕМИУМ БО-02	RU000A10B5A1	BB	28.5	94.96	OFFER	1000.0	0.78	950.38	539	33.5733	38.279	38.32	2028-03-09			1	0	["2027-06-13"]	[]	230	1377468
2028-03-09	MATURITY	Сбер CIB-СО-532	RU000A0NR5Y2	NR	0.01	104.93	PREV/LAST FALLBACK	1000.0	0	1049.3	539	-3.1603	-3.1847	0.0	2028-03-09			1	0	[]	[]	0	0
2028-03-09	MATURITY	Сбер CIB-СО-617	RU000A0NR9U2	NR	0.01	106.89	PREV/LAST FALLBACK	1000.0	0	1068.9	539	-4.3441	-4.3904	0.0	2028-03-09			1	0	[]	[]	0	0
2028-03-09	MATURITY	Сбер CIB-СО-618	RU000A0NR9V0	NR	0.01	104.12	PREV/LAST FALLBACK	1000.0	0	1041.2	539	-2.6581	-2.6753	0.0	2028-03-09			1	0	[]	[]	0	0
2028-03-09	MATURITY	Сбер CIB-СО-619	RU000A0NR9W8	NR	0.01	105.63	PREV/LAST FALLBACK	1000.0	0	1056.3	539	-3.5888	-3.6202	0.0	2028-03-09			1	0	[]	[]	0	0
2028-03-09	MATURITY	Сбер CIB-СО-785	RU000A107ZW0	NR	0.01	102.11	PREV/LAST FALLBACK	1000.0	0	1021.1	539	-1.3781	-1.3827	0.0	2028-03-09			1	0	[]	[]	0	0
2028-03-09	MATURITY	Сбер CIB-СО-798	RU000A108090	NR	0.01	102.24	PREV/LAST FALLBACK	1000.0	0	1022.4	539	-1.4611	-1.4663	0.0	2028-03-09			1	0	[]	[]	0	0
2028-03-09	MATURITY	Сбер CIB-СО-799	RU000A1080A2	NR	0.01	136.99	PREV/LAST FALLBACK	1000.0	0	1369.9	539	-18.2684	-19.1766	0.0	2028-03-09			1	0	[]	[]	0	0
2028-03-09	MATURITY	Сбер CIB-СО-800	RU000A1080B0	NR	0.01	103.51	PREV/LAST FALLBACK	1000.0	0	1035.1	539	-2.2747	-2.2872	0.0	2028-03-09			1	0	[]	[]	0	0
2028-03-09	MATURITY	Сбер CIB-СО-802	RU000A1080D6	NR	0.01	103.74	PREV/LAST FALLBACK	1000.0	0	1037.4	539	-2.4198	-2.434	0.0	2028-03-09			1	0	[]	[]	0	0
2028-03-10	MATURITY	СОЛИД СпецАвтоТехЛизинг 01	RU000A109NA8	B+	24.0	101.15	OFFER	540.0	0	546.21	540	14.6097	23.6725	26.71	2028-03-10			18	0	[]	[]	51	85879
2028-03-11	MATURITY	ТЕХНОЛОГИЯ БО-02	RU000A10B6K8	BB	28.0	99.98	OFFER	1000.0	22.25	1022.05	541	27.4043	31.9078	40.87	2028-03-11			1	0	["2026-09-18"]	[]	90	582325
2028-03-13	MATURITY	Банк ВТБ (ПАО) С-1-1423	RU000A10AR78	NR	0.01	80.18	LAST	1000.0	0	801.8	543	16.6413	16.0309	0.0	2028-03-13			1	0	[]	[]	1	1279673
2028-03-13	MATURITY	КАМАЗ ПАО БО-П22	RU000A10EN29	A	16.0	100.56	OFFER	1000.0	11.84	1017.44	543	15.3546	16.7369	16.93	2028-03-13			1	0	[]	[]	62	1469960
2028-03-13	MATURITY	Томская область 34074	RU000A10BW70	NR	18.25	103.1	OFFER	1000.0	14.5	1045.5	543	14.4854	16.9639	16.96	2028-03-13			2	0	[]	[]	491	5009185
2028-03-13	MATURITY	ЭффТех 001P-02	RU000A10B354	C	26.5	11.11	OFFER	1000.0	2.18	113.28	543	761.4017	937.5858	1004.47	2028-03-13			1	0	[]	[]	325	664916
2028-03-14	MATURITY	Селектел 001P-06R	RU000A10CU89	A+	15.4	100.43	OFFER	1000.0	10.97	1015.27	544	14.8873	16.167	16.17	2028-03-14			1	0	[]	[]	296	7171929
2028-03-15	PUT	ЭнергоТехСервис 001Р-09	RU000A10EKX1	BBB+	18.0	101.21	OFFER	1000.0	1.97	1014.07	545	16.6528	18.1691	18.47	2030-02-24	2028-03-15	100.0	0	0	[]	["2028-03-16"]	58	1006720
2028-03-17	MATURITY	БиоВитрум 001Р-01	RU000A10B7N0	BB+	28.0	100.12	OFFER	1000.0	17.64	1018.84	547	27.3993	31.7557	31.73	2028-03-17			1	0	["2026-11-17"]	[]	81	782473
2028-03-17	MATURITY	ПКО СЗА БО-02	RU000A10B7S9	BB-	28.5	103.25	OFFER	1000.0	17.96	1050.46	547	25.0608	29.1508	29.25	2028-03-17			1	0	["2027-03-23"]	[]	59	738314
2028-03-17	MATURITY	СберИОС 001Р-693R 3Г BSKRUS	RU000A10B1T0	NR	0.01	104.7	PREV/LAST FALLBACK	1000.0	0	1047.0	547	-2.9846	-3.0075	0.0	2028-03-17			1	0	[]	[]	0	0
2028-03-18	MATURITY	Р-Вижн 001Р-02	RU000A10B7W1	A+	24.5	113.4	OFFER	1000.0	14.77	1148.77	548	13.561	15.523	15.52	2028-03-18			1	0	["2027-03-24"]	[]	62	943343
2028-03-19	MATURITY	МФК Лайм-Займ 05	RU000A10B8C1	BB+	27.5	103.89	OFFER	800.0	12.66	843.78	549	17.207	26.1375	26.15	2028-03-19			4	0	["2027-03-25"]	[]	69	1403028
2028-03-21	MATURITY	"Российские ЖД" ОАО 28 обл.	RU000A0JTU85	AAA	18.1	104.91	OFFER	1000.0	87.77	1136.87	551	13.0596	14.8778	14.88	2028-03-21			1	0	[]	[]	101	3844674
2028-03-21	PUT	Славнефть БО 001Р-02	RU000A1007H0	AA	15.5	100.98	OFFER	1000.0	0	1009.8	551	14.5659	15.4611	15.6	2029-03-15	2028-03-21	100.0	0	0	[]	[]	26	76887
2028-03-24	MATURITY	ГЛОРАКС 001Р-04	RU000A10B9Q9	BBB+	25.5	110.35	OFFER	1000.0	11.18	1114.68	554	16.7601	19.1813	19.36	2028-03-24			1	0	[]	[]	341	7693019
2028-03-24	MATURITY	ДОМ.РФ ПАО 001Р-03R	RU000A0ZZ1N0	NR	14.4	104.23	OFFER	1000.0	68.65	1110.95	554	10.4529	11.6028	-6.43	2028-03-24			1	3	[]	["2026-09-30"]	11	72169
2028-03-24	MATURITY	СберИОС 001Р-677R 3Y1M ОФЗ	RU000A10ASA0	NR	0.01	101.52	OFFER	1000.0	0	1015.2	554	-0.9728	-0.9754	0.0	2028-03-24			1	0	[]	[]	1	347010
2028-03-27	MATURITY	СберИОС 001Р-425R 7Г РБЧ	RU000A102TH5	NR	0.01	85.6	OFFER	1000.0	0	856.0	557	11.0773	10.7768	0.0	2028-03-27			1	0	[]	[]	0	0
2028-03-29	PUT	ИКС 5 ФИНАНС 003P-17	RU000A10E6V2	AAA	14.5	100.38	OFFER	1000.0	6.36	1010.16	559	13.9826	15.0577	15.19	2036-01-12	2028-03-29	100.0	0	0	[]	[]	89	51936132
2028-03-30	MATURITY	Совкомбанк БО-И16	RU000A10EG77	NR	0.01	90.05	PREV/LAST FALLBACK	1000.0	0.05	900.55	560	7.2123	7.0803	7.08	2028-03-30			1	0	[]	[]	0	0
2028-03-31	MATURITY	Селигдар GOLD01	RU000A1062M5	A+	5.5	87.69	OFFER	11825.66	135.43	10505.3513	561	15.0883	15.2706	15.53	2028-03-31			1	0	[]	[]	440	13833433
2028-03-31	MATURITY	Уральская Сталь БО-001Р-06	RU000A10D2Y6	BB-	20.5	91.35	OFFER	1000.0	5.05	918.55	561	28.446	31.1982	31.2	2028-03-31			1	0	[]	[]	572	4772010
2028-04-01	MATURITY	Почта России 003P-01	RU000A10D3J5	AA	17.2	102.28	OFFER	1000.0	3.77	1026.57	562	15.316	16.684	16.68	2028-04-01			1	0	[]	[]	67	1918173
2028-04-02	MATURITY	Селигдар 001Р-06	RU000A10D3S6	A+	18.5	103.05	OFFER	1000.0	3.55	1034.05	563	15.9838	17.5246	17.52	2028-04-02			1	0	[]	[]	568	7927044
2028-04-03	MATURITY	ИНАРКТИКА 002Р-02	RU000A10B8R9	A+	19.0	105.49	OFFER	1000.0	38.0	1092.9	564	14.1341	15.805	15.8	2028-04-03			1	0	[]	[]	90	1156195
2028-04-05	MATURITY	СберИОС 001Р-426R 7Г СШАМ ИНД	RU000A102VD0	NR	0.01	104.0	PREV/LAST FALLBACK	1000.0	0	1040.0	566	-2.4369	-2.4535	0.0	2028-04-05			1	0	[]	[]	0	0
2028-04-06	MATURITY	ГК Самолет БО-П16	RU000A10BFX7	A-	25.5	93.26	OFFER	1000.0	2.1	934.7	567	31.9245	35.8418	35.83	2028-04-06			1	0	[]	[]	3462	50538135
2028-04-09	MATURITY	Первое кол.бюро НАО 001Р-07	RU000A10BGU1	A-	24.5	100.7	OFFER	1000.0	0	1007.0	570	19.7243	26.6615	26.68	2028-04-09			10	0	["2026-10-17"]	[]	901	19274563
2028-04-10	MATURITY	Сбер CIB-СО-788	RU000A107ZZ3	NR	0.01	105.7	PREV/LAST FALLBACK	1000.0	0	1057.0	571	-3.4272	-3.4611	0.0	2028-04-10			1	0	[]	[]	0	0
2028-04-10	MATURITY	Сбер CIB-СО-794	RU000A108058	NR	0.01	104.79	PREV/LAST FALLBACK	1000.0	0	1047.9	571	-2.9018	-2.9261	0.0	2028-04-10			1	0	[]	[]	0	0
2028-04-12	MATURITY	Группа Позитив 001Р-03	RU000A10BWC6	AA-	18.0	104.39	OFFER	1000.0	13.32	1057.22	573	14.375	15.8953	15.9	2028-04-12			1	0	[]	[]	558	9376417
2028-04-14	PUT	ГосТранспортЛизингКомп 001P-04	RU000A0JXPG2	AA-	16.0	99.89	OFFER	1000.0	28.49	1027.39	575	15.5602	16.9813	17.07	2032-04-06	2028-04-14	100.0	0	0	[]	[]	30	241691
2028-04-16	MATURITY	Вымпел-Коммуникации 001Р-04	RU000A105WK6	NR	8.85	94.67	OFFER	1000.0	14.55	961.25	577	12.7122	13.2239	13.11	2028-04-16			1	0	[]	["2028-04-16"]	15	28029
2028-04-18	PUT	"Российские ЖД" БО-001P-02R	RU000A0JXQ44	AAA	14.4	98.78	OFFER	1000.0	60.76	1048.56	579	14.3471	15.7331	15.84	2037-04-02	2028-04-18	100.0	0	0	[]	[]	40	175468
2028-04-18	MATURITY	ВЭБ.РФ ПБО-001Р-26	RU000A1031U3	AAA	8.13	91.88	OFFER	1000.0	33.19	951.99	579	13.9172	14.491	14.51	2028-04-18			1	0	[]	[]	28	106224
2028-04-24	MATURITY	Банк ВТБ (ПАО) С-1-1454	RU000A10AX05	NR	0.01	82.0	OFFER	1000.0	0.14	820.14	585	13.7059	13.1903	0.0	2028-04-24			1	0	[]	[]	0	0
2028-04-24	MATURITY	Почта России (АО) БО-001P-04	RU000A0ZZ5H3	NR	17.5	101.7	OFFER	1000.0	68.56	1085.56	585	15.1437	16.8703	14.95	2028-04-24			1	2	[]	["2027-04-29"]	2	2034
2028-04-24	MATURITY	СберИОС 001Р-685R 3Y1M ОФЗ	RU000A10AYQ4	NR	0.01	101.54	OFFER	1000.0	0	1015.4	585	-0.9334	-0.9361	0.0	2028-04-24			1	0	[]	[]	0	0
2028-04-24	MATURITY	СберИОС 001Р-700R 3Г BSKRUS	RU000A10B867	NR	0.01	109.52	OFFER	1000.0	0	1095.2	585	-5.415	-5.5074	0.0	2028-04-24			1	0	[]	[]	0	0
2028-04-26	MATURITY	Лизинг-Трейд 001P-08	RU000A106987	BB+	14.5	89.95	OFFER	833.6	4.31	754.1332	587	15.1678	32.8667	33.47	2028-04-26			20	0	[]	[]	43	213186
2028-04-26	MATURITY	Минфин Ульяновской обл. 34005	RU000A106607	NR	10.6	94.5	OFFER	500.0	8.13	480.63	587	12.4638	16.2596	16.26	2028-04-26			2	0	[]	[]	125	179428
2028-05-01	MATURITY	АрлифтИнтернешнл БО-01	RU000A108DP9	NR	23.5	99.59	OFFER	500.0	14.49	512.44	592	23.1741	37.1699	28.69	2028-05-01			2	4	[]	["2027-05-13"]	2	985
2028-05-02	MATURITY	Сбер CIB-СО-796	RU000A108074	NR	0.01	134.64	PREV/LAST FALLBACK	1000.0	0	1346.4	593	-15.8208	-16.7125	0.0	2028-05-02			1	0	[]	[]	0	0
2028-05-04	MATURITY	Регион-Продукт БО-01	RU000A10BLP1	B-	31.0	102.32	OFFER	1000.0	4.25	1027.45	595	28.7871	33.4387	33.44	2028-05-04			1	0	["2027-11-06"]	[]	56	104388
2028-05-05	MATURITY	СберИОС 001Р-699R 3Y1M ОФЗ	RU000A10B7B5	NR	0.01	93.38	LAST	1000.0	0	933.8	596	4.3554	4.2976	0.0	2028-05-05			1	0	[]	[]	1	466900
2028-05-07	MATURITY	АБЗ-1 002P-03	RU000A10BNM4	A-	25.5	107.91	OFFER	1000.0	1.4	1080.5	598	10.3409	18.329	18.33	2028-05-07			6	0	[]	[]	451	5882143
2028-05-08	MATURITY	Республика Саха (Якутия) 35015	RU000A1033B9	NR	7.25	93.03	OFFER	500.0	3.77	468.92	599	9.6772	15.1812	15.19	2028-05-08			4	0	[]	[]	63	81960
2028-05-09	MATURITY	ПЛАЗА-ТЕЛЕКОМ БО-02	RU000A108E80	BB	20.0	60.43	OFFER	1000.0	20.27	624.57	600	70.5617	73.6739	73.69	2028-05-09			1	0	["2027-05-11"]	[]	57	129355
2028-05-10	MATURITY	СберИОС 001Р-430R 7Г СШАМ ИНД	RU000A102W50	NR	0.01	103.81	PREV/LAST FALLBACK	1000.0	0	1038.1	601	-2.188	-2.2038	0.0	2028-05-10			1	0	[]	[]	0	0
2028-05-11	MATURITY	ЛайфСтрим БО-П02	RU000A1068S9	A-	13.5	95.7	OFFER	1000.0	12.95	969.95	602	13.4502	18.4934	18.73	2028-05-11			4	0	[]	[]	23	114611
2028-05-11	MATURITY	ПИР БО-03-001P	RU000A10BP87	BB	30.0	88.74	OFFER	1000.0	23.01	910.41	602	27.8891	54.7133	55.19	2028-05-11			18	0	[]	[]	323	1954233
2028-05-11	MATURITY	Страна Девелопмент 03	RU000A10BP46	BBB-	26.5	101.81	OFFER	1000.0	20.33	1038.43	602	24.4614	28.2609	28.31	2028-05-11			1	0	["2026-11-18"]	[]	213	2101656
2028-05-12	MATURITY	Борец Капитал 001Р-03	RU000A10DJ18	A-	18.0	102.0	OFFER	1000.0	13.32	1033.32	603	16.2422	17.9259	18.0	2028-05-12			1	0	[]	[]	58	808113
2028-05-12	MATURITY	Сбер CIB-СО-795	RU000A108066	NR	0.01	102.05	PREV/LAST FALLBACK	1000.0	0	1020.5	603	-1.1964	-1.2011	0.0	2028-05-12			1	0	[]	[]	0	0
2028-05-14	MATURITY	Балтийский лизинг ООО БО-П16	RU000A10BJX9	AA-	22.25	91.92	OFFER	780.0	11.89	728.866	605	18.5357	38.3004	38.26	2028-05-14			7	0	[]	[]	940	15286232
2028-05-16	MATURITY	СберИОС 001Р-703R 3Y1M ОФЗ	RU000A10B8E7	NR	0.01	107.5	PREV/LAST FALLBACK	1000.0	0	1075.0	607	-4.1835	-4.2438	0.0	2028-05-16			1	0	[]	[]	0	0
2028-05-17	MATURITY	Медскан 001Р-02	RU000A10EYY0	A	15.35	98.6	OFFER	1000.0	9.25	995.25	608	16.2724	17.5984	17.64	2028-05-17			1	0	[]	[]	328	9728591
2028-05-17	MATURITY	ОФЗ-ПД 26236 17/05/2028	RU000A102BT8	NR	5.7	87.897	OFFER	1000.0	18.74	897.71	608	14.4426	14.5847	14.58	2028-05-17			1	0	[]	[]	1235	175494872
2028-05-18	MATURITY	ГТЛК БО 002P-08	RU000A10BQB0	AA-	19.5	106.6	OFFER	1000.0	11.22	1077.22	609	14.433	16.0839	16.08	2028-05-18			1	0	[]	[]	220	14628653
2028-05-18	MATURITY	Гор.Обл.Займ Москвы 74 в.	RU000A1033Z8	NR	7.38	89.65	OFFER	1000.0	24.06	920.56	609	14.7557	15.1014	15.1	2028-05-18			1	0	[]	[]	226	2902504
2028-05-19	MATURITY	ФЛИТ 001P-01	RU000A10BQG9	NR	20.8	108.0	PREV/LAST FALLBACK	1000.0	11.4	1091.4	610	14.6767	16.4748	16.47	2028-05-19			1	0	[]	[]	0	0
2028-05-19	PUT	Эталон-Финанс 002Р-01	RU000A105VU7	BBB+	21.0	97.85	OFFER	1000.0	16.68	995.18	610	22.3271	24.4739	24.55	2038-02-03	2028-05-19	100.0	0	0	[]	[]	1311	7467711
2028-05-20	MATURITY	ТД РКС 002Р-05	RU000A10BQM7	BBB	28.0	106.28	OFFER	1000.0	14.58	1077.38	611	22.5023	26.1098	26.11	2028-05-20			1	0	[]	[]	137	772109
2028-05-21	MATURITY	Совкомбанк БО-И17	RU000A10F6Z2	NR	0.01	100.0	PREV/LAST FALLBACK	1000.0	0.03	1000.03	612	0.0101	0.0101	0.01	2028-05-21			1	0	[]	[]	0	0
2028-05-22	MATURITY	АФК Система БО 002Р-06	RU000A10DPW4	A+	17.75	101.94	OFFER	1000.0	8.27	1027.67	613	16.149	17.7156	17.83	2028-05-22			1	0	[]	[]	338	4190545
2028-05-23	MATURITY	СберИОС 001Р-439R 7Г СШАМ ИНД	RU000A1032C9	NR	0.01	95.4	PREV/LAST FALLBACK	1000.0	0	954.0	614	2.91	2.8818	0.0	2028-05-23			1	0	[]	[]	0	0
2028-05-24	MATURITY	ЛЕГЕНДА БО 002P-07	RU000A10FBB3	BBB	19.0	99.99	OFFER	1000.0	7.81	1007.71	615	18.8648	20.7585	20.86	2028-05-24			1	0	[]	[]	190	5592186
2028-05-25	PUT	АФК Система БО 001P-18	RU000A102SV8	A+	10.0	89.99	OFFER	1000.0	6.58	906.48	616	17.5201	17.9911	18.07	2031-02-17	2028-05-25	100.0	0	0	[]	[]	15	52178
2028-05-26	PUT	"Российские ЖД" БО-001P-01R	RU000A0JXN05	AAA	18.4	104.48	OFFER	1000.0	57.47	1102.27	617	14.2077	15.7408	15.88	2032-05-18	2028-05-26	100.0	0	0	[]	[]	46	505873
2028-05-26	MATURITY	ВУШ БО 001P-04	RU000A10BS76	BBB+	20.25	93.77	OFFER	1000.0	7.21	944.91	617	25.3261	27.8153	27.82	2028-05-26			1	0	[]	[]	951	15867460
2028-05-26	MATURITY	СберИОС 001Р-696R 3Y1M ОФЗ	RU000A10B5T1	NR	0.01	95.27	PREV/LAST FALLBACK	1000.0	0	952.7	617	2.9501	2.9209	0.0	2028-05-26			1	0	[]	[]	0	0
2028-05-29	PUT	ГПБ (АО) БО 001Р-22Р	RU000A105GW4	AA+	17.5	104.56	OFFER	1000.0	55.62	1101.22	620	13.3254	14.715	14.85	2032-11-24	2028-05-29	100.0	0	0	[]	[]	58	878069
2028-06-01	MATURITY	ПАО "ТГК-14" 001Р-03	RU000A10AEF9	BBB	26.5	115.14	OFFER	1000.0	5.08	1156.48	623	15.2436	17.5521	17.56	2028-06-01			1	0	[]	[]	86	1469738
2028-06-02	MATURITY	СберИОС 001Р-440R 7Г СШАМ ИНД	RU000A1032L0	NR	0.01	98.74	PREV/LAST FALLBACK	1000.0	0	987.4	624	0.7879	0.7857	0.0	2028-06-02			1	0	[]	[]	0	0
2028-06-03	MATURITY	Сбербанк ПАО 001Р-SBER51	RU000A10DS74	AAA	14.85	101.15	OFFER	1000.0	2.03	1013.53	625	13.9948	15.0439	15.04	2028-06-03			1	0	[]	[]	4622	214652011
2028-06-03	MATURITY	Селигдар 001Р-08	RU000A10DTF1	A+	18.0	103.36	OFFER	1000.0	2.47	1036.07	625	15.4738	16.9307	16.93	2028-06-03			1	0	[]	[]	999	12118410
2028-06-05	PUT	ГТЛК БО 001P-19	RU000A101SD8	AA-	7.97	86.98	OFFER	1000.0	3.28	873.08	627	17.7366	17.8806	17.96	2035-05-23	2028-06-05	100.0	0	0	[]	[]	12	78264
2028-06-07	MATURITY	АЛИУМ01Р1	RU000A10FG84	A-	17.5	99.72	OFFER	1000.0	0.48	997.68	629	17.6992	19.1934	19.21	2028-06-07			1	0	[]	[]	1059	13831904
2028-06-07	MATURITY	Лизинг-Трейд 001P-09	RU000A106GB6	BB+	14.0	89.4	OFFER	875.2	0.34	782.7688	629	15.0779	31.7341	31.75	2028-06-07			21	0	[]	[]	99	406671
2028-06-07	PUT	Почта России 003P-07	RU000A10FDV7	AA	16.95	99.93	OFFER	1000.0	1.86	1001.16	629	16.8882	18.3031	18.45	2036-05-23	2028-06-07	100.0	0	0	[]	[]	519	217125970
2028-06-08	MATURITY	Арктик Технолоджи Сервис БО-01	RU000A10BV89	BB	28.0	109.09	OFFER	1000.0	0	1090.9	630	20.8352	23.922	23.93	2028-06-08			1	0	[]	[]	103	553375
2028-06-08	MATURITY	Сбер CIB-СО-797	RU000A108082	NR	0.01	103.27	PREV/LAST FALLBACK	1000.0	0	1032.7	630	-1.816	-1.8282	0.0	2028-06-08			1	0	[]	[]	0	0
2028-06-10	MATURITY	ГК Сегежа 003P-08R	RU000A10DY50	BB-	24.0	98.66	OFFER	1000.0	18.41	1005.01	632	24.6555	28.034	28.03	2028-06-10			1	0	[]	[]	192	2152327
2028-06-10	MATURITY	ФПК 002Р-01	RU000A10DYC8	AA+	15.4	100.85	OFFER	1000.0	11.81	1020.31	632	14.6156	15.8975	15.9	2028-06-10			1	0	[]	[]	476	10440763
2028-06-14	MATURITY	Банк ВТБ (ПАО) Б-1-254	RU000A103XS2	NR	0.01	91.0	OFFER	1000.0	0.03	910.03	636	5.6865	5.5723	4.31	2028-06-14			1	0	[]	["2028-06-14"]	0	0
2028-06-15	MATURITY	iКаршеринг Руссия 001P-06	RU000A10BY52	BBB+	20.0	88.96	OFFER	1000.0	12.6	902.2	637	29.1821	31.9875	31.99	2028-06-15			1	0	[]	[]	293	1999304
2028-06-16	PUT	Почта России БО-002P-03	RU000A104W33	AA	10.15	89.7	OFFER	1000.0	25.86	922.86	638	17.3318	17.8754	17.93	2032-06-08	2028-06-16	100.0	0	0	[]	[]	52	531626
2028-06-17	MATURITY	Самокат БО-03	RU000A10BYR0	B	27.0	64.0	OFFER	1000.0	15.53	655.53	639	72.5541	81.1451	83.34	2028-06-17			1	0	["2027-06-23"]	[]	505	2083033
2028-06-19	MATURITY	Республика Казахстан 08	RU000A101RW0	NR	7.69	90.09	OFFER	1000.0	18.33	919.23	641	14.5033	14.7509	14.75	2028-06-19			1	0	[]	[]	67	308137
2028-06-22	MATURITY	Облачные технологии 001P-01	RU000A10FJS0	AA+	14.2	100.05	OFFER	1000.0	6.22	1006.72	644	14.0758	15.1236	15.12	2028-06-22			1	0	[]	[]	164	4383398
2028-06-22	MATURITY	СберИОС 001Р-447R 7Г РБЧ	RU000A103596	NR	0.01	77.17	PREV/LAST FALLBACK	1000.0	0	771.7	644	16.8188	15.8679	0.0	2028-06-22			1	0	[]	[]	0	0
2028-06-22	MATURITY	СберИОС 001Р-567R 5Г AC IMOEX	RU000A106AP9	NR	0.01	90.89	OFFER	1000.0	0	908.9	644	5.6926	5.5749	0.0	2028-06-22			1	0	[]	[]	0	0
2028-06-26	MATURITY	СберИОС 001Р-710R 3Y1M ОФЗ	RU000A10BGR7	NR	0.01	102.95	OFFER	1000.0	0	1029.5	648	-1.6025	-1.6127	0.0	2028-06-26			1	0	[]	[]	0	0
2028-07-02	MATURITY	МИРРИКО БО-П03	RU000A10C3N8	BBB-	22.5	93.6	OFFER	1000.0	3.7	939.7	654	26.0938	31.0128	31.07	2028-07-02			4	0	["2027-07-08"]	[]	89	772009
2028-07-03	MATURITY	РЖД БО 001P-34R	RU000A10ASY0	NR	20.1	113.03	PREV/LAST FALLBACK	1000.0	11.01	1141.31	655	11.2489	12.6719	12.67	2028-07-03			1	0	[]	[]	0	0
2028-07-05	MATURITY	Балтийский лизинг ООО БО-П18	RU000A10BZJ4	AA-	19.0	85.7	OFFER	670.0	1.05	575.24	657	25.4078	38.3168	38.56	2028-07-05			2	0	[]	["2028-07-05"]	1215	9130003
2028-07-05	MATURITY	СберИОС 001Р-416R 7Г ВЗР ИНД	RU000A103976	NR	0.01	76.01	PREV/LAST FALLBACK	1000.0	0	760.1	657	17.5854	16.5069	0.0	2028-07-05			1	0	[]	[]	0	0
2028-07-06	MATURITY	Денум Солюшнз 001Р-01	RU000A10C5B8	BB-	27.0	101.38	OFFER	1000.0	1.48	1015.28	658	25.8375	29.3758	29.57	2028-07-06			1	0	["2027-01-13"]	[]	30	213880
2028-07-07	MATURITY	Банк ВТБ (ПАО) С-1-1502	RU000A10BR51	NR	0.01	80.0	OFFER	1000.0	0.12	800.12	659	13.8571	13.1649	0.0	2028-07-07			1	0	[]	[]	0	0
2028-07-07	MATURITY	ПИР БО-04-001P	RU000A10C5P8	BB	28.5	86.19	OFFER	1000.0	0.78	862.68	659	30.3958	54.4019	54.4	2028-07-07			18	0	[]	[]	216	735366
2028-07-08	MATURITY	ВИС ФИНАНС БО-П09	RU000A10C634	A+	17.0	102.5	OFFER	1000.0	0	1025.0	660	15.2334	16.5411	16.69	2028-07-08			1	0	[]	[]	322	2527724
2028-07-09	MATURITY	АО Авто Финанс Банк БО-001Р-15	RU000A10C6P6	AA	16.75	102.55	OFFER	1000.0	13.31	1038.81	661	14.7722	16.2316	16.27	2028-07-09			1	0	[]	[]	210	3779289
2028-07-11	MATURITY	ЕАБР БО 001Р-01	RU000A0ZZDB0	NR	8.2	92.39	OFFER	1000.0	14.6	938.5	663	13.2021	13.4454	13.38	2028-07-11			1	0	[]	[]	0	0
2028-07-12	PUT	ИКС 5 ФИНАНС 003P-18	RU000A10EL70	AAA	13.5	99.12	OFFER	1000.0	10.73	1001.93	664	13.9009	14.9377	15.0	2036-03-29	2028-07-12	100.0	0	0	[]	[]	31	370623
2028-07-13	MATURITY	ТД РКС 002Р-06	RU000A10C758	BBB	25.0	100.93	OFFER	1000.0	17.12	1026.42	665	23.8619	27.2814	27.28	2028-07-13			1	0	[]	[]	180	1938889
2028-07-14	MATURITY	Алтимейт Эдьюкейшн БО-П01	RU000A10C7C2	BBB	19.75	71.5	OFFER	1000.0	12.99	727.99	666	48.5797	51.766	51.77	2028-07-14			1	0	[]	[]	426	3082713
2028-07-14	MATURITY	Минфин Ульяновской обл. 34010	RU000A10BTJ7	NR	18.5	102.92	OFFER	700.0	22.0	742.44	666	10.4879	16.8044	16.81	2028-07-14			2	0	[]	[]	340	1516539
2028-07-14	MATURITY	ПАО ЛК Европлан 001P-09	RU000A10ASC6	AA	24.0	107.62	OFFER	800.0	12.62	873.58	666	7.7604	16.339	16.34	2028-07-14			8	0	[]	[]	612	11737547
2028-07-14	MATURITY	Сбер CIB-СО-227	RU000A104RT0	NR	0.01	99.18	PREV/LAST FALLBACK	1000.0	0	991.8	666	0.4642	0.4633	0.0	2028-07-14			1	0	[]	[]	0	0
2028-07-15	MATURITY	СКС ЛОМБАРД БО-01	RU000A10C873	NR	28.5	101.69	OFFER	1000.0	17.96	1034.86	667	26.6406	31.0017	31.53	2028-07-15			1	0	["2027-01-22"]	[]	21	190000
2028-07-18	MATURITY	АВТОБАН-Финанс АО БО-П04	RU000A106K35	A+	15.0	102.49	OFFER	1000.0	23.84	1048.74	670	13.0095	14.1312	7.85	2028-07-18			1	6	["2027-01-22"]	[]	1	1025
2028-07-21	MATURITY	Аэрофьюэлз003Р-01	RU000A10E4Y1	A	20.0	102.45	OFFER	1000.0	30.14	1054.64	673	17.7025	19.6925	19.69	2028-07-21			1	0	[]	[]	390	8392796
2028-07-21	MATURITY	СберИОС 001Р-726R 3Y1M ОФЗ	RU000A10BPB2	NR	0.01	101.0	OFFER	1000.0	0	1010.0	673	-0.5257	-0.5269	0.0	2028-07-21			1	0	[]	[]	0	0
2028-07-23	MATURITY	Брусника 002Р-04	RU000A10C8F3	A-	21.5	99.92	OFFER	1000.0	8.84	1008.04	675	21.3697	23.8125	23.82	2028-07-23			1	0	[]	[]	1185	17031060
2028-07-24	MATURITY	Банк ВТБ (ПАО) Б-1-244	RU000A103TZ5	AAA	0.01	79.35	PREV/LAST FALLBACK	1000.0	0.01	793.51	676	14.0641	13.315	13.31	2028-07-24			1	0	[]	[]	0	0
2028-07-24	MATURITY	СберИОС 001Р-449R 7Г РБЧ-М	RU000A103AP6	NR	0.01	77.5	PREV/LAST FALLBACK	1000.0	0	775.0	676	15.7245	14.7981	0.0	2028-07-24			1	0	[]	[]	0	0
2028-07-26	MATURITY	РусГидро БО-002Р-07	RU000A10CC24	AAA	13.85	98.99	OFFER	1000.0	4.55	994.45	678	14.4698	15.4685	15.59	2028-07-26			1	0	[]	[]	974	17512919
2028-07-27	MATURITY	ПКО СЗА БО-03	RU000A10CCB8	BB-	25.0	100.57	OFFER	1000.0	7.53	1013.23	679	24.3739	27.5949	27.61	2028-07-27			1	0	[]	[]	29	174741
2028-07-28	MATURITY	Восточная Стивидор.Ком 1P-04R	RU000A106P06	AA-	12.0	93.26	OFFER	1000.0	15.78	948.38	680	16.4689	16.9784	16.96	2028-07-28			1	0	[]	[]	162	8501444
2028-07-28	PUT	Почта России БО-001P-10	RU000A101ZH4	AA	17.45	102.17	OFFER	1000.0	24.38	1046.08	680	15.4942	16.5865	16.65	2030-07-23	2028-07-28	100.0	0	0	[]	[]	26	73542
2028-08-01	MATURITY	ЭЛЕКТРОРЕШЕНИЯ 001Р-04	RU000A10FV02	BBB	22.0	98.95	OFFER	1000.0	3.62	993.12	684	22.7137	25.2064	25.2	2028-08-01			1	0	[]	[]	229	3351542
2028-08-03	PUT	ГПБ (АО) БО 001Р-17Р	RU000A101Z74	AA+	12.75	95.9	OFFER	1000.0	16.77	975.77	686	15.245	15.8454	15.9	2030-07-31	2028-08-03	100.0	0	0	[]	[]	125	5755609
2028-08-03	MATURITY	НСКАТД 001Р-01	RU000A10FVF2	BBB+	21.5	98.89	OFFER	1000.0	2.36	991.26	686	18.4898	24.8052	24.82	2028-08-03			2	0	[]	[]	449	7388634
2028-08-03	MATURITY	СберИОС 001Р-455R 7Г РБЧ-М	RU000A103CP2	NR	0.01	75.2	PREV/LAST FALLBACK	1000.0	0	752.0	686	17.5965	16.4186	0.0	2028-08-03			1	0	[]	[]	0	0
2028-08-04	MATURITY	КОНТРОЛ лизинг 001Р-01	RU000A106T85	BB-	16.25	60.69	OFFER	596.6	0.8	362.8765	687	49.2316	108.9673	110.25	2028-08-04			23	0	[]	[]	167	548541
2028-08-05	MATURITY	Денум Солюшнз 001Р-02	RU000A10CH37	BB-	24.5	100.33	OFFER	1000.0	1.34	1004.64	688	24.2164	27.1808	27.18	2028-08-05			1	0	["2027-02-12"]	[]	48	217822
2028-08-06	MATURITY	МГКЛ-G01	RU000A10CHX1	BB	14.0	80.48	OFFER	11972.94	4.54	9640.3621	689	29.7262	30.472	32.08	2028-08-06			1	0	[]	[]	9	373413
2028-08-07	MATURITY	Банк ВТБ (ПАО) С-1-1554	RU000A10C089	NR	0.01	74.65	PREV/LAST FALLBACK	1000.0	0.12	746.62	690	17.9734	16.734	0.0	2028-08-07			1	0	[]	[]	0	0
2028-08-08	MATURITY	Новые технологии БO-02	RU000A106PW3	A-	17.5	100.48	OFFER	1000.0	17.74	1022.54	691	16.8662	17.8934	18.05	2028-08-08			1	0	[]	[]	111	1173793
2028-08-08	MATURITY	ТрансКонтейнер П02-05	RU000A10FW92	AA-	16.25	99.88	OFFER	1000.0	12.91	1011.71	691	16.1294	17.6099	17.61	2028-08-08			1	0	[]	[]	475	21293362
2028-08-10	MATURITY	АЛИУМ01Р2	RU000A10FWZ8	A-	18.0	99.79	OFFER	1000.0	13.32	1011.22	693	17.9038	19.7112	19.71	2028-08-10			1	0	[]	[]	827	24884636
2028-08-10	MATURITY	Фабрика ПО 001Р-01	RU000A10FX18	A-	17.25	99.45	OFFER	1000.0	12.76	1007.26	693	17.4157	19.0873	19.09	2028-08-10			1	0	[]	[]	1239	24096177
2028-08-10	MATURITY	ЭНЕРГОНИКА 001Р-04	RU000A106R79	BBB	16.0	86.25	OFFER	600.0	9.21	526.71	693	19.2975	35.3731	35.34	2028-08-10			5	0	[]	[]	63	157815
2028-08-11	MATURITY	Группа ЛСР ПАО БО 001Р-11	RU000A10CKY3	A	16.0	98.57	OFFER	1000.0	11.4	997.1	694	13.0558	18.5374	18.54	2028-08-11			3	0	[]	[]	185	5715830
2028-08-11	PUT	ЭкономЛизинг 002Р-03	RU000A10FSV5	BBB-	21.0	99.29	OFFER	1000.0	27.62	1020.52	694	20.5299	22.8248	23.23	2030-07-26	2028-08-11	100.0	0	0	[]	[]	27	170169
2028-08-13	MATURITY	АПРИ БО-002Р-11	RU000A10CM06	BBB-	25.0	83.8	OFFER	1000.0	16.44	854.44	696	39.2048	43.922	44.08	2028-08-13			1	0	[]	[]	1802	21044040
2028-08-14	MATURITY	ГИДРОМАШСЕРВИС АО 002Р-03	RU000A10FXM4	A	17.0	100.3	OFFER	1000.0	10.71	1013.71	697	16.612	18.1707	18.17	2028-08-14			1	0	[]	[]	588	50132489
2028-08-14	MATURITY	СберИОС 001Р-735R 3Y1M ОФЗ	RU000A10BXN1	NR	0.01	85.16	PREV/LAST FALLBACK	1000.0	0	851.6	697	9.1384	8.7887	0.0	2028-08-14			1	0	[]	[]	0	0
2028-08-15	MATURITY	Сбер CIB-СО-546	RU000A106JP0	NR	0.01	85.17	PREV/LAST FALLBACK	1000.0	0	851.7	698	9.1237	8.7734	0.0	2028-08-15			1	0	[]	[]	0	0
2028-08-15	MATURITY	ФСК Активы 001Р-01	RU000A10FXT9	A	17.0	100.49	OFFER	1000.0	10.25	1015.15	698	16.4905	18.0347	18.04	2028-08-15			1	0	[]	[]	92	675601
2028-08-16	MATURITY	АЛЬФА-БАНК Б1Р26	RU000A10BYA6	NR	0.01	108.99	OFFER	1000.0	0.02	1089.92	699	-4.298	-4.3864	-4.39	2028-08-16			1	0	[]	[]	0	0
2028-08-17	PUT	ГИДРОМАШСЕРВИС АО 002Р-02	RU000A10FXN2	A	18.0	100.16	OFFER	1000.0	11.34	1012.94	700	17.6114	19.3694	19.43	2029-08-09	2028-08-17	100.0	0	23	[]	[]	91	11716554
2028-08-17	MATURITY	ИЭК ХОЛДИНГ 001Р-06	RU000A10FZ24	A-	17.5	101.19	OFFER	1000.0	9.59	1021.49	700	16.52	18.1162	18.12	2028-08-17			1	0	[]	[]	416	6108925
2028-08-17	MATURITY	Эфферон 001Р-01	RU000A10CH03	NR	22.0	91.04	OFFER	1000.0	16.88	927.28	700	28.7638	31.302	31.24	2028-08-17			1	0	[]	[]	155	1477099
2028-08-21	MATURITY	СберИОС 001Р-458R 7Г РБЧ-М	RU000A103FA7	NR	0.01	82.0	OFFER	1000.0	0	820.0	704	11.4252	10.8772	0.0	2028-08-21			1	0	[]	[]	0	0
2028-08-21	MATURITY	СберИОС 001Р-577R 5Г AC MOEXOG	RU000A106L18	NR	0.01	87.01	OFFER	1000.0	0	870.1	704	7.7546	7.4953	0.0	2028-08-21			1	0	[]	[]	0	0
2028-08-24	PUT	ГТЛК БО 001P-17	RU000A101QL5	AA-	16.0	99.6	OFFER	1000.0	10.52	1006.52	707	16.0339	17.1862	17.38	2035-05-14	2028-08-24	100.0	0	0	[]	[]	1177	4071818
2028-08-24	MATURITY	РЖД БО 001P-37R	RU000A10AZ45	AAA	19.5	108.33	OFFER	1000.0	14.96	1098.26	707	13.8423	15.55	15.55	2028-08-24			1	0	[]	[]	599	18208476
2028-08-24	MATURITY	СберИОС 001Р-579R 5Г AC MOEX	RU000A106M09	NR	0.01	82.92	OFFER	1000.0	0	829.2	707	10.646	10.164	0.0	2028-08-24			1	0	[]	[]	2	470940
2028-08-25	MATURITY	Банк ВТБ (ПАО) С-1-1515	RU000A10BRG7	NR	0.01	89.89	OFFER	1000.0	0.11	899.01	708	5.8085	5.6582	0.0	2028-08-25			1	0	[]	[]	0	0
2028-08-26	MATURITY	Россельхозбанк БО-08-002Р	RU000A10FV44	AA	14.0	101.05	OFFER	1000.0	1.53	1012.03	709	13.2992	14.2329	14.24	2028-08-26			1	0	[]	[]	45	183233
2028-08-27	MATURITY	Балтийский лизинг ООО БО-П19	RU000A10CC32	AA-	17.0	82.19	OFFER	670.0	3.12	553.793	710	26.5054	38.288	38.29	2028-08-27			2	0	[]	[]	2287	27703572
2028-08-27	MATURITY	ВТБ Лизинг 001Р-МБ-03	RU000A10CQE2	AA	15.5	100.56	OFFER	668.0	2.84	674.5808	710	8.2959	15.9936	15.99	2028-08-27			8	0	[]	[]	59	380216
2028-08-28	PUT	АФК Система БО 001P-15	RU000A1023K1	A+	15.0	96.4	OFFER	1000.0	6.99	970.99	711	17.3503	17.9808	17.98	2030-08-26	2028-08-28	100.0	0	0	[]	[]	67	655942
2028-08-28	MATURITY	СберИОС 001Р-734R 3Y1M ОФЗ	RU000A10BWP8	NR	0.01	91.06	OFFER	1000.0	0	910.6	711	5.0519	4.9368	0.0	2028-08-28			1	0	[]	[]	6	695959
2028-08-29	MATURITY	Полипласт АО П02-БО-17	RU000A10G122	A	17.75	99.82	OFFER	1000.0	3.89	1002.09	712	17.8063	19.399	19.4	2028-08-29			1	0	[]	[]	690	23393066
2028-08-29	MATURITY	Сбербанк ПАО 001Р-SBER52	RU000A10EF52	AAA	14.2	100.15	OFFER	1000.0	3.11	1004.61	712	14.0569	15.0599	15.06	2028-08-29			1	0	[]	[]	1085	165420941
2028-08-30	PUT	ГТЛК БО 001P-10	RU000A0ZZ984	AA-	0.1	72.47	OFFER	1000.0	0.05	724.75	713	19.5833	18.0564	18.65	2033-05-20	2028-08-30	100.0	0	0	[]	[]	5	4306
2028-08-30	MATURITY	Сбер CIB-СО-548	RU000A106JR6	NR	0.01	70.0	OFFER	1000.0	0	700.0	713	21.9622	20.0512	0.0	2028-08-30			1	0	[]	[]	0	0
2028-08-31	MATURITY	КВАЗАРЛ-01	RU000A10CR92	B	25.0	99.4	OFFER	666.64	2.74	665.3802	714	13.2499	28.9597	28.97	2028-08-31			24	0	[]	[]	36	410816
2028-08-31	MATURITY	СберИОС 001Р-461R 7Г РБЧ-М	RU000A103HE5	NR	0.01	75.4	PREV/LAST FALLBACK	1000.0	0	754.0	714	16.726	15.5696	0.0	2028-08-31			1	0	[]	[]	0	0
2028-09-01	MATURITY	Сбер CIB-СО-550	RU000A106JT2	NR	0.01	91.29	OFFER	1000.0	0	912.9	715	4.8874	4.778	0.0	2028-09-01			1	0	[]	[]	0	0
2028-09-03	MATURITY	БИЗНЕС АЛЬЯНС 001P-08	RU000A10CSA6	BBB-	22.0	94.4	OFFER	1000.0	1.81	945.81	717	26.2717	28.9015	28.92	2028-09-03			1	0	["2027-09-09"]	[]	18	193520
2028-09-03	MATURITY	Органик парк БО-П02	RU000A10CS83	BB	21.75	78.94	OFFER	1000.0	1.79	791.19	717	41.0455	43.965	43.94	2028-09-03			1	0	[]	[]	178	1448457
2028-09-04	MATURITY	ГПБ (АО) БО 004Р-25	RU000A10CAU2	NR	0.01	98.28	PREV/LAST FALLBACK	1000.0	0	982.8	718	0.9	0.8962	0.9	2028-09-04			1	0	[]	[]	0	0
2028-09-05	MATURITY	ПАО "ПСБ" 004P-01	RU000A10CP78	AAA	14.25	99.98	OFFER	1000.0	5.08	1004.88	719	14.1876	15.2291	15.23	2028-09-05			1	0	[]	[]	270	5289677
2028-09-06	MATURITY	Банк ВТБ (ПАО) Б-1-250	RU000A103U51	NR	0.01	100.98	OFFER	1000.0	0	1009.8	720	-0.4819	-0.4831	2.72	2028-09-06			1	0	[]	[]	0	0
2028-09-06	MATURITY	НоваБев Групп 003Р-01	RU000A10CSQ2	AA-	14.5	99.34	OFFER	1000.0	0	993.4	720	13.1109	16.0079	16.11	2028-09-06			2	0	[]	[]	495	3468008
2028-09-06	MATURITY	СКС ЛОМБАРД БО-02	RU000A10CST6	NR	27.0	100.92	OFFER	1000.0	0	1009.2	720	26.2896	29.8388	30.0	2028-09-06			1	0	["2027-03-16"]	[]	49	463742
2028-09-07	MATURITY	Интел Коллект БО-01	RU000A10CT09	BB-	25.0	102.87	OFFER	900.0	17.88	943.71	721	15.841	25.0236	25.03	2028-09-07			5	0	["2027-09-13"]	[]	64	1286905
2028-09-08	MATURITY	Банк ВТБ (ПАО) С-1-1531	RU000A10BUQ0	NR	0.01	76.99	PREV/LAST FALLBACK	1000.0	0.11	770.01	722	15.1201	14.1428	0.0	2028-09-08			1	0	[]	[]	0	0
2028-09-09	MATURITY	МИРРИКО БО-П05	RU000A10CTG1	BBB-	22.5	91.54	OFFER	1000.0	16.64	932.04	723	28.7189	32.0393	31.99	2028-09-09			1	0	["2027-03-19"]	[]	127	1215293
2028-09-10	MATURITY	Патриот Групп 001Р-02	RU000A10CU30	BB+	22.0	95.69	OFFER	1000.0	15.67	972.57	724	24.8518	27.7863	27.68	2028-09-10			1	0	["2027-09-16"]	[]	53	430101
2028-09-12	MATURITY	Балтийский лизинг ООО БО-П22	RU000A10DUQ6	AA-	20.0	85.92	OFFER	1000.0	13.15	872.35	726	25.8844	36.7992	36.99	2028-09-12			12	0	[]	["2028-09-12"]	1780	23894414
2028-09-12	MATURITY	СберИОС 001Р-580R 5Г AC IMOEX	RU000A106QL4	NR	0.01	78.0	OFFER	1000.0	0	780.0	726	14.1957	13.3207	0.0	2028-09-12			1	0	[]	[]	1	92112
2028-09-14	MATURITY	Вымпел-Коммуникации 001Р-02	RU000A105XE7	AA	9.3	90.82	OFFER	1000.0	0	908.2	728	15.3095	15.5253	15.53	2028-09-14			1	0	["2028-09-14"]	[]	37	157553
2028-09-14	MATURITY	ПГК 003Р-01	RU000A10CWF7	AA	15.75	100.58	OFFER	1000.0	9.49	1015.29	728	15.2325	16.5544	16.55	2028-09-14			1	0	[]	[]	943	13912775
2028-09-15	MATURITY	ГПБ (АО) БО 004Р-27	RU000A10CL23	NR	0.01	91.96	PREV/LAST FALLBACK	1000.0	0	919.6	729	4.3884	4.2965	4.3	2028-09-15			1	0	[]	[]	0	0
2028-09-17	MATURITY	СФО БКС Структурные Ноты 08	RU000A106S11	NR	0.01	100.0	PREV/LAST FALLBACK	1000.0	0	1000.0	731	0.025	0.025	0.0	2028-09-17			1	0	[]	[]	0	0
2028-09-18	MATURITY	РЖД ОАО ЗО28-3-Р	RU000A1089U1	AAA	7.45	86.4	OFFER	100000.0	3704.31	90104.31	732	15.7832	16.2066	16.21	2028-09-18			1	0	[]	[]	9	1298130
2028-09-18	MATURITY	СберИОС 001Р-749R 3Y1M ОФЗ	RU000A10C6Q4	NR	0.01	86.53	OFFER	1000.0	0	865.3	732	7.7743	7.4925	0.0	2028-09-18			1	0	[]	[]	0	0
2028-09-19	MATURITY	Банк ВТБ (ПАО) С-1-1617	RU000A10CF47	NR	0.01	74.94	PREV/LAST FALLBACK	1000.0	0.1	749.5	733	16.6633	15.4582	0.0	2028-09-19			1	0	[]	[]	0	0
2028-09-20	MATURITY	Магаданская область ГО2023	RU000A106YE3	NR	13.75	98.43	OFFER	1000.0	32.02	1016.32	734	8.2592	16.2883	16.29	2028-09-20			3	0	[]	[]	35	681249
2028-09-21	MATURITY	СберИОС 001Р-464R 7Г РБЧ-М	RU000A103LE7	NR	0.01	78.55	OFFER	1000.0	0	785.5	735	13.6051	12.7772	0.0	2028-09-21			1	0	[]	[]	0	0
2028-09-22	MATURITY	СберИОС 001Р-582R 5Г AC IMOEX	RU000A106SD7	AAA	0.01	79.87	OFFER	1000.0	0	798.7	736	12.5145	11.8074	0.0	2028-09-22			1	0	[]	[]	1	387950
2028-09-22	MATURITY	ХК Новотранс 001P-06	RU000A10BBE6	AA-	18.75	103.99	OFFER	1000.0	7.19	1047.09	736	13.1269	17.2648	17.26	2028-09-22			3	0	[]	[]	195	2493660
2028-09-23	MATURITY	Бустер.Ру БО-01	RU000A10D1U6	B	24.5	102.17	OFFER	1000.0	8.73	1030.43	737	16.9262	25.2744	25.26	2028-09-23			5	0	["2027-09-29"]	[]	46	670821
2028-09-26	MATURITY	Лизинг-Трейд 001P-10	RU000A107480	BB+	16.0	87.46	OFFER	1000.0	4.38	878.98	740	16.1899	33.4731	33.49	2028-09-26			24	0	[]	[]	74	1259599
2028-09-26	MATURITY	Минфин Ульяновской обл. 34011	RU000A10DBD4	NR	17.5	102.12	OFFER	1000.0	37.88	1059.08	740	10.253	16.6648	16.68	2028-09-26			3	0	[]	[]	61	1308332
2028-09-28	MATURITY	РусГидро БО-002Р-08	RU000A10D3C0	AAA	15.45	101.78	OFFER	1000.0	3.39	1021.19	742	14.2734	15.4309	15.44	2028-09-28			1	0	[]	[]	317	99000898
2028-09-28	MATURITY	Санкт-Петербург обл. 35004	RU000A102K88	NR	5.9	126.21	OFFER	700.0	19.01	902.48	742	-6.3866	-8.6297	-8.63	2028-09-28			2	0	[]	[]	3	2490
2028-09-29	MATURITY	ГПБ (АО) БО 004Р-28	RU000A10CQH5	NR	0.01	88.62	PREV/LAST FALLBACK	1000.0	0.1	886.3	743	6.3187	6.1253	6.13	2028-09-29			1	0	[]	[]	0	0
2028-09-29	MATURITY	ГПБ (АО) БО 004Р-29	RU000A10CQJ1	NR	0.01	83.6	PREV/LAST FALLBACK	1000.0	0.1	836.1	743	9.6476	9.2096	9.21	2028-09-29			1	0	[]	[]	0	0
2028-09-29	MATURITY	Гельтек-Медика БО-01	RU000A10D3G1	BBB	22.0	108.99	OFFER	1000.0	4.22	1094.12	743	16.0685	18.1039	18.1	2028-09-29			1	0	[]	[]	132	863740
2028-09-29	MATURITY	ПКО СЗА БО-04	RU000A10D3T4	BB-	24.5	100.35	OFFER	1000.0	4.7	1008.2	743	24.1338	27.1792	27.18	2028-09-29			1	0	[]	[]	228	376776
2028-09-29	MATURITY	СберИОС 001Р-750R 3Y1M ОФЗ	RU000A10CC08	NR	0.01	94.47	OFFER	1000.0	0	944.7	743	2.8866	2.8448	0.0	2028-09-29			1	0	[]	[]	0	0
2028-09-29	MATURITY	Южноуральский ЛЦ 001Р-01	RU000A10D3P2	BB-	24.0	99.9	OFFER	1000.0	4.6	1003.6	743	12.8765	26.9585	26.96	2028-09-29			24	0	["2027-10-05"]	[]	51	350373
2028-10-03	MATURITY	Банк ВТБ (ПАО) С-1-1615	RU000A10CF21	NR	0.01	75.89	PREV/LAST FALLBACK	1000.0	0.1	759.0	747	15.5348	14.4411	0.0	2028-10-03			1	0	[]	[]	0	0
2028-10-03	MATURITY	СберИОС 001Р-467R 7Г TAN	RU000A103MW7	NR	0.01	78.0	OFFER	1000.0	0	780.0	747	13.8255	12.9466	0.0	2028-10-03			1	0	[]	[]	0	0
2028-10-05	MATURITY	ПЭТ ПЛАСТ 001Р-01	RU000A10D4S4	B	26.0	97.94	OFFER	1000.0	0.71	980.11	749	21.711	31.3995	31.52	2028-10-05			12	0	[]	[]	268	1642671
2028-10-05	MATURITY	СберИОС 001Р-470R 7Г РБЧ-М	RU000A103PH1	AAA	0.01	74.7	PREV/LAST FALLBACK	1000.0	0	747.0	749	16.5505	15.3137	0.0	2028-10-05			1	0	[]	[]	0	0
2028-10-11	MATURITY	СтанкоМашСтрой БО-01	RU000A10D3R8	BB-	23.75	86.06	OFFER	1000.0	41.64	902.24	755	29.0337	40.0639	41.16	2028-10-11			6	0	[]	[]	57	704425
2028-10-12	MATURITY	БЭЛТИ-ГРАНД ООО БО-П06	RU000A1076A0	BB-	14.0	88.32	OFFER	900.0	8.28	803.16	756	15.1299	29.5838	28.88	2028-10-12			13	0	[]	[]	44	147430
2028-10-13	MATURITY	ЭкоНива 001P-03	RU000A10FHY2	A	15.75	100.0	OFFER	1000.0	9.92	1009.92	757	15.6015	16.9461	16.95	2028-10-13			1	0	[]	[]	153	4096429
2028-10-14	MATURITY	ВОСТОК-ОЙЛ БО-01	RU000A10DBH5	B-	27.0	86.03	OFFER	1000.0	16.27	876.57	758	38.4738	43.563	44.59	2028-10-14			1	0	[]	[]	17	37282
2028-10-15	MATURITY	ГПБ (АО) БО 004Р-30	RU000A10CV39	NR	0.01	81.22	PREV/LAST FALLBACK	1000.0	0.09	812.29	759	11.1307	10.5323	10.53	2028-10-15			1	0	[]	[]	0	0
2028-10-16	MATURITY	АБЗ-1 002P-04	RU000A10DCK7	A-	19.5	101.75	OFFER	1000.0	10.68	1028.18	760	12.5898	19.7081	19.71	2028-10-16			6	0	[]	[]	403	9477621
2028-10-16	MATURITY	Сбер CIB-СО-552	RU000A0NR896	NR	0.01	81.8	PREV/LAST FALLBACK	1000.0	0	818.0	760	10.7032	10.1448	0.0	2028-10-16			1	0	[]	[]	0	0
2028-10-16	MATURITY	ХК Новотранс 002P-01	RU000A10DCF7	AA-	16.0	100.59	OFFER	1000.0	8.77	1014.67	760	15.4884	16.8406	16.85	2028-10-16			1	0	[]	[]	206	10745490
2028-10-19	MATURITY	Банк ВТБ (ПАО) С-1-1669	RU000A10CQU8	NR	0.01	78.62	LAST	1000.0	0	786.2	763	13.0278	12.2119	0.0	2028-10-19			1	0	[]	[]	1	78620
2028-10-20	MATURITY	СберИОС 001Р-473R 7Г СШАМ ИНД	RU000A103RW6	NR	0.01	90.25	PREV/LAST FALLBACK	1000.0	0	902.5	764	5.1983	5.0583	0.0	2028-10-20			1	0	[]	[]	0	0
2028-10-20	MATURITY	СберИОС 001Р-752R 3Y1M IMOEX	RU000A10CL49	NR	0.01	93.54	OFFER	1000.0	0	935.4	764	3.3152	3.2577	0.0	2028-10-20			1	0	[]	[]	0	0
2028-10-27	MATURITY	СберИОС 001Р-588R 5Г AC MOEXFN	RU000A106XR7	AAA	0.01	82.5	OFFER	1000.0	0	825.0	771	10.057	9.5495	0.0	2028-10-27			1	0	[]	[]	4	690752
2028-10-27	MATURITY	СберИОС 001Р-757R 3Y1M ОФЗ	RU000A10CQZ7	NR	0.01	97.42	OFFER	1000.0	0	974.2	771	1.2688	1.2602	0.0	2028-10-27			1	0	[]	[]	0	0
2028-10-30	MATURITY	АЛЬФА-БАНК Б1Р12	RU000A108314	NR	0.01	84.0	OFFER	1000.0	0.09	840.09	774	8.9932	8.5808	11.11	2028-10-30			1	0	[]	[]	5	7946
2028-10-30	MATURITY	ГПБ (АО) БО 004Р-31	RU000A10D2V2	NR	0.01	86.3	PREV/LAST FALLBACK	1000.0	0.09	863.09	774	7.4969	7.2063	7.21	2028-10-30			1	0	[]	[]	0	0
2028-10-30	MATURITY	ГПБ (АО) БО 004Р-32	RU000A10D2W0	NR	0.01	73.0	OFFER	1000.0	0.09	730.09	774	17.4533	16.0113	16.01	2028-10-30			1	0	[]	[]	3	335070
2028-10-31	MATURITY	ПИР БО-06-001P	RU000A10F6H0	BB	25.5	81.2	OFFER	1000.0	3.49	815.49	775	33.958	51.7416	51.76	2028-10-31			6	0	[]	[]	392	1630617
2028-10-31	MATURITY	Феррум БП2	RU000A10CRG5	BB-	23.0	90.6	OFFER	1000.0	3.15	909.15	775	30.1666	33.1566	52.44	2028-10-31			1	20	["2027-04-01"]	[]	26	138436
2028-11-02	MATURITY	Банк ВТБ (ПАО) С-1-1670	RU000A10CQV6	NR	0.01	72.0	PREV/LAST FALLBACK	1000.0	0	720.0	777	18.2885	16.703	0.0	2028-11-02			1	0	[]	[]	0	0
2028-11-02	MATURITY	СберИОС 001Р-480R 7Г СШАМ ИНД	RU000A103VQ0	NR	0.01	89.49	PREV/LAST FALLBACK	1000.0	0	894.9	777	5.5537	5.3894	0.0	2028-11-02			1	0	[]	[]	0	0
2028-11-03	MATURITY	ДельтаЛизинг 001Р-03	RU000A10DHT7	AA-	17.15	100.89	OFFER	1000.0	0.94	1009.84	778	8.7113	17.5454	17.76	2028-11-03			25	0	[]	[]	584	16333130
2028-11-03	MATURITY	ИНАРКТИКА 002Р-04	RU000A10DHX9	A+	15.75	102.15	OFFER	1000.0	0.86	1022.36	778	14.4248	15.592	15.59	2028-11-03			1	0	[]	[]	133	734252
2028-11-05	MATURITY	ПКО СЗА БО-05	RU000A10DJS5	BB-	25.5	100.79	OFFER	1000.0	0	1007.9	780	24.9347	28.1032	28.24	2028-11-05			1	0	["2027-05-15"]	[]	86	595581
2028-11-07	MATURITY	"Российские ЖД" ОАО 30 обл.	RU000A0JUAH8	AAA	15.98	101.29	OFFER	1000.0	56.04	1068.94	782	14.3858	15.7978	15.8	2028-11-07			1	0	[]	[]	95	4022051
2028-11-08	PUT	"Российские ЖД" БО-001P-03R	RU000A0JXR84	AAA	17.95	104.54	OFFER	1000.0	65.41	1110.81	783	14.1293	15.8174	15.94	2037-04-23	2028-11-08	100.0	0	0	[]	[]	20	190293
2028-11-10	MATURITY	ООО АСВ БО-04-001P	RU000A10DLC5	BB+	25.0	103.65	OFFER	1000.0	17.12	1053.62	785	22.1195	25.3902	25.46	2028-11-10			1	0	[]	[]	37	326405
2028-11-12	MATURITY	Балтийский лизинг ООО БО-П20	RU000A10D616	AA-	18.75	88.93	OFFER	1000.0	11.82	901.12	787	17.0847	35.7192	35.72	2028-11-12			3	0	[]	[]	356	4140916
2028-11-13	MATURITY	СберИОС 001Р-590R 5Г AC MOEXFN	RU000A107464	AAA	0.01	85.99	OFFER	1000.0	0	859.9	788	7.5612	7.2561	0.0	2028-11-13			1	0	[]	[]	2	1583800
2028-11-13	MATURITY	СберИОС 001Р-760R 3Y1M ОФЗ	RU000A10CTR8	NR	0.01	103.84	OFFER	1000.0	0	1038.4	788	-1.6991	-1.7164	0.0	2028-11-13			1	0	[]	[]	0	0
2028-11-14	MATURITY	Новосибирская область 35022	RU000A1043E2	NR	9.03	94.7	OFFER	700.0	10.56	673.46	789	8.7348	13.9387	13.98	2028-11-14			5	0	[]	[]	8	9928
2028-11-19	MATURITY	СберИОС 001Р-764R 3Y1M ОФЗ	RU000A10D2R0	NR	0.01	88.57	PREV/LAST FALLBACK	1000.0	0	885.7	794	5.9485	5.7543	0.0	2028-11-19			1	0	[]	[]	0	0
2028-11-22	MATURITY	РЖД БО 001P-36R	RU000A10AUE8	AAA	19.95	111.34	OFFER	1000.0	7.11	1120.51	797	13.1724	14.8232	14.82	2028-11-22			1	0	[]	[]	473	6788153
2028-11-24	MATURITY	Бустер.Ру БО-02	RU000A10DRE8	B	24.25	102.91	OFFER	1000.0	7.31	1036.41	799	16.8454	24.5057	24.66	2028-11-24			5	0	[]	[]	29	382474
2028-11-24	MATURITY	Защита онлайн БО-01	RU000A10DRV2	B	26.5	100.8	OFFER	1000.0	7.99	1015.99	799	25.7228	29.3549	27.89	2028-11-24			1	21	["2027-03-17"]	[]	34	80538
2028-11-24	MATURITY	СберИОС 001Р-770R 3Y MOEX CQT	RU000A10DAU0	NR	0.01	96.0	OFFER	1000.0	0	960.0	799	1.9177	1.8966	0.0	2028-11-24			1	0	[]	[]	0	0
2028-11-24	MATURITY	ТЕХНО Лизинг 001Р-06	RU000A107FN1	BB+	17.0	81.25	OFFER	1000.0	5.12	817.62	799	29.8614	33.6539	33.7	2028-11-24			4	0	[]	[]	59	232920
2028-11-25	MATURITY	ЗООПТ БО-01	RU000A10DRX8	BB	24.0	105.76	OFFER	1000.0	6.58	1064.18	800	20.0875	22.7977	23.17	2028-11-25			1	0	[]	[]	94	612101
2028-11-26	MATURITY	Депфин Югры 34002	RU000A10DLP7	NR	14.8	100.43	OFFER	1000.0	7.3	1011.6	801	8.4532	15.2069	15.21	2028-11-26			3	0	[]	[]	49	526179
2028-11-27	MATURITY	ГПБ (АО) БО 0004P-33	RU000A10D6L4	NR	0.01	74.89	OFFER	1000.0	0.08	748.98	802	15.2713	14.077	14.01	2028-11-27			1	0	[]	[]	0	0
2028-11-27	MATURITY	ЕАБР БО 001P-08	RU000A104TQ2	NR	11.5	95.0	PREV/LAST FALLBACK	1000.0	35.6	985.6	802	13.9768	14.7061	42.65	2028-11-27			1	4	[]	["2026-11-30"]	0	0
2028-11-30	MATURITY	СберИОС 001Р-486R 7Г РБЧ-М	RU000A103ZJ6	NR	0.01	80.56	OFFER	1000.0	0	805.6	805	10.9808	10.3328	0.0	2028-11-30			1	0	[]	[]	0	0
2028-11-30	MATURITY	СберИОС 001Р-591R 5Г AC MOEXOG	RU000A1074S7	AAA	0.01	78.87	OFFER	1000.0	0	788.7	805	12.163	11.3786	0.0	2028-11-30			1	0	[]	[]	4	465781
2028-11-30	MATURITY	СберИОС 001Р-765R 3Y1M ОФЗ	RU000A10D4M7	NR	0.01	97.69	OFFER	1000.0	0	976.9	805	1.0865	1.0797	0.0	2028-11-30			1	0	[]	[]	0	0
2028-12-01	MATURITY	МИРРИКО БО-П06	RU000A10DTQ8	BBB-	22.5	97.53	OFFER	1000.0	2.47	977.77	806	24.1514	26.7606	26.83	2028-12-01			1	0	[]	[]	28	283542
2028-12-01	MATURITY	Совкомбанк Лизинг БО-П17	RU000A10DTS4	AA-	16.0	101.55	OFFER	1000.0	1.75	1017.25	806	15.038	16.2703	16.27	2028-12-01			1	0	[]	[]	172	2710115
2028-12-02	MATURITY	ЦЕНТР-К БО-01	RU000A10DWP4	BB-	22.5	94.21	OFFER	1000.0	1.85	943.95	807	25.7212	29.4244	29.59	2028-12-02			3	0	[]	[]	44	401238
2028-12-04	MATURITY	Банк ВТБ (ПАО) С-1-1340	RU000A109P52	NR	0.01	71.68	OFFER	1000.0	0	716.8	809	17.8506	16.2302	0.0	2028-12-04			1	0	[]	[]	0	0
2028-12-05	MATURITY	АПРИ БО-002Р-06	RU000A10A554	NR	22.0	92.3	OFFER	1000.0	0	923.0	810	23.6196	31.0866	31.09	2028-12-05			4	0	[]	[]	19	135399
2028-12-05	MATURITY	ИЭК ХОЛДИНГ 001Р-05	RU000A10FGE6	A-	15.75	98.28	OFFER	1000.0	0	982.8	810	16.8202	18.0279	18.03	2028-12-05			1	0	[]	[]	518	15096204
2028-12-06	MATURITY	ТЕХНОЛОГИЯ БО-03	RU000A10DXM9	BB	23.5	101.91	OFFER	1000.0	18.67	1037.77	811	21.8224	24.8611	24.86	2028-12-06			1	0	[]	[]	18	83483
2028-12-06	MATURITY	Томская область 34075	RU000A10DEN7	NR	16.2	100.7	OFFER	1000.0	12.87	1019.87	811	12.7591	16.9489	16.96	2028-12-06			2	0	[]	[]	141	5337929
2028-12-07	MATURITY	Нижнекамскнефтехим об. 001Р-01	RU000A0ZZZ17	AAA	15.7	102.06	OFFER	1000.0	42.15	1062.75	812	13.9008	15.0758	15.08	2028-12-07			1	0	[]	[]	30	595246
2028-12-11	MATURITY	Банк ВТБ (ПАО) С-1-1350	RU000A10A232	NR	0.01	74.1	OFFER	1000.0	0.18	741.18	816	15.644	14.3566	0.0	2028-12-11			1	0	[]	[]	0	0
2028-12-11	MATURITY	КЛВЗ КРИСТАЛЛ 001P-04	RU000A10DSU2	BB-	23.5	81.74	OFFER	1000.0	1.93	819.33	816	33.8531	43.3119	43.0	2028-12-11			4	0	[]	[]	132	800448
2028-12-11	MATURITY	ТАЛЬВЕН БО-П01	RU000A10DSX6	BBB	22.0	91.62	OFFER	1000.0	1.81	918.01	816	28.0483	30.0044	30.03	2028-12-11			1	0	[]	[]	196	1332210
2028-12-13	MATURITY	ХРОМОС Инжиниринг БО-04	RU000A10E283	BB	24.5	102.1	OFFER	1000.0	14.77	1035.77	818	22.7527	25.948	25.95	2028-12-13			1	0	[]	[]	113	1118395
2028-12-14	MATURITY	ГК Самолет БО-П04	RU000A0ZZZZ2	NR	17.0	98.13	PREV/LAST FALLBACK	1000.0	0	981.3	819	18.1729	19.2888	22.66	2028-12-14			1	7	[]	["2027-03-23"]	0	0
2028-12-14	MATURITY	Калининградская область 35004	RU000A104BC0	NR	9.5	94.46	OFFER	750.0	0	708.45	819	8.1773	15.4008	15.4	2028-12-14			3	0	[]	[]	137	692644
2028-12-14	MATURITY	МОЭК ПАО БО 001Р-05	RU000A105NK5	NR	15.0	101.79	OFFER	1000.0	37.4	1055.3	819	13.4577	14.5009	8.02	2028-12-14			1	4	[]	["2026-12-22"]	1	1018
2028-12-14	MATURITY	СберИОС 001Р-772R 3Y1M ОФЗ	RU000A10DBF9	NR	0.01	85.8	PREV/LAST FALLBACK	1000.0	0	858.0	819	7.3919	7.0797	0.0	2028-12-14			1	0	[]	[]	0	0
2028-12-15	MATURITY	ГК Самолет БО-П21	RU000A10DCM3	A-	13.0	72.83	OFFER	50000.0	356.16	36771.16	820	34.1219	34.1247	34.48	2028-12-15			1	0	[]	[]	17	796670
2028-12-15	MATURITY	Самарская область 34016	RU000A10DWW0	NR	15.1	100.99	OFFER	1000.0	37.23	1047.13	820	6.8775	14.879	14.88	2028-12-15			5	0	[]	[]	12	68603
2028-12-16	MATURITY	Промсвязьбанк 004Р-06	RU000A10FJR2	AAA	14.2	99.7	OFFER	1000.0	7.39	1004.39	821	14.2693	15.339	15.34	2028-12-16			1	0	[]	[]	89	4298346
2028-12-19	MATURITY	Русский Свет БО-01	RU000A10DY35	NR	24.0	149.94	OFFER	1000.0	56.55	1555.95	824	1.2085	1.4785	4.83	2028-12-19			1	0	[]	[]	0	0
2028-12-27	MATURITY	Банк ВТБ (ПАО) С-1-1397	RU000A10A976	NR	0.01	68.7	PREV/LAST FALLBACK	1000.0	0	687.0	832	20.013	17.9244	0.0	2028-12-27			1	0	[]	[]	0	0
2028-12-27	MATURITY	СФО Сплит Финанс 1 01	RU000A10AAQ4	AAA	25.0	104.31	OFFER	233.61	3.36	247.0386	832	20.4641	135.403	6.1	2028-12-27			5	23	[]	[]	440	3695086
2028-12-28	MATURITY	ГПБ (АО) БО 0004P-34	RU000A10DFL8	NR	0.01	71.01	OFFER	1000.0	0.07	710.17	833	17.901	16.1973	16.28	2028-12-28			1	0	[]	[]	2	2125
2028-12-28	MATURITY	СберИОС 001Р-498R 7Г РБЧ-М	RU000A1044V4	NR	0.01	72.68	LAST	1000.0	0	726.8	833	16.513	15.0423	0.0	2028-12-28			1	0	[]	[]	1	639584
2028-12-28	MATURITY	СберИОС 001Р-595R 5Г AC MOEXFN	RU000A107985	AAA	0.01	80.0	OFFER	1000.0	0	800.0	833	10.9697	10.2867	0.0	2028-12-28			1	0	[]	[]	1	560000
2028-12-28	MATURITY	СберИОС 001Р-773R 3Y1M ОФЗ	RU000A10DDA6	NR	0.01	83.83	PREV/LAST FALLBACK	1000.0	0	838.3	833	8.4682	8.051	0.0	2028-12-28			1	0	[]	[]	0	0
2028-12-30	MATURITY	Автодор ГК БО-004Р-08	RU000A10F6F4	AA	14.9	100.19	OFFER	1000.0	2.04	1003.94	835	14.0373	25.0615	15.54	2028-12-30			3	20	["2027-05-13"]	[]	55	841121
2028-12-30	MATURITY	Лизинг-Трейд 001P-11	RU000A107NJ3	BB+	16.0	85.43	OFFER	1000.0	2.19	856.49	835	17.8859	33.0172	33.27	2028-12-30			24	0	[]	[]	64	291848
